Device;Bouwdeel;Verdieping;Geslacht;Datum;Tijd;
Lift TBP 00;BP;BP02;V;3/24/14;8:09:36;
Lift TBP 00;BP;BP02;V;3/24/14;7:20:46 ;
Lift TBP 00;BP;BP02;V;3/24/14;8:49:14 ;
Lift TBP 00;BP;BP02;V;3/24/14;9:00:22 ;
Lift TBP 00;BP;BP03;V;3/24/14;7:36:21 ;
Lift TBP 00;BP;BP04;V;3/24/14;9:08:53 ;
Lift TBP 00;BP;BP04;V;3/24/14;8:20:53 ;
Lift TBP 00;BP;BP04;V;3/24/14;7:02:17 ;
Lift TBP 00;BP;BP05;V;3/24/14;8:19:02 ;
Lift TBP 00;BP;BP05;V;3/24/14;8:50:06 ;
Lift TBP 00;BP;BP05;V;3/24/14;7:25:26 ;
Lift TBP 00;BP;BP05;V;3/24/14;7:06:33 ;
Lift TBP 00;BP;BP05;V;3/24/14;7:18:13 ;
Lift TBP 00;BP;BP05;V;3/24/14;7:39:01 ;
Lift TBP 00;BS;BS02;V;3/24/14;7:34:36 ;
Lift TBP 00;BS;BS02;V;3/24/14;9:06:20 ;
Lift TBP 00;BS;BS03;V;3/24/14;9:01:26 ;
Lift TBP 00;BS;BS03;V;3/24/14;9:01:28 ;
Lift TBP 00;BS;BS03;V;3/24/14;7:42:11 ;
Lift TBP 00;BS;BS03;V;3/24/14;7:42:13 ;
Lift TBP 00;BS;BS05;V;3/24/14;6:38:00 ;
Lift TBP 00;BS;BS06;V;3/24/14;9:57:24 ;
Lift TBP 00;BP;BP02;V;3/24/14;7:07:43 ;
Lift TBP 00;BP;BP02;V;3/24/14;8:02:33 ;
Lift TBP 00;BP;BP02;V;3/24/14;7:52:18 ;
Lift TBP 00;BP;BP02;V;3/24/14;7:52:20 ;
Lift TBP 00;BP;BP02;V;3/24/14;7:52:23 ;
Lift TBP 00;BP;BP02;V;3/24/14;7:44:21 ;
Lift TBP 00;BP;BP02;V;3/24/14;9:13:52 ;
Lift TBP 00;BP;BP02;V;3/24/14;7:49:43 ;
Lift TBP 00;BP;BP02;V;3/24/14;8:03:21 ;
Lift TBP 00;BP;BP02;V;3/24/14;7:55:15 ;
Lift TBP 00;BP;BP02;V;3/24/14;7:03:34 ;
Lift TBP 00;BP;BP02;V;3/24/14;8:17:27 ;
Lift TBP 00;BP;BP04;V;3/24/14;7:22:10 ;
Lift TBP 00;BP;BP04;V;3/24/14;9:42:15 ;
Lift TBP 00;BP;BP04;V;3/24/14;8:51:18 ;
Lift TBP 00;BP;BP06;V;3/24/14;9:28:00 ;
Lift TBP 00;BP;BP06;V;3/24/14;8:46:22 ;
Lift TBP 00;BP;BP06;V;3/24/14;8:46:23 ;
Lift TBP 00;BS;BS02;V;3/24/14;7:55:52 ;
Lift TBP 00;BS;BS02;V;3/24/14;8:43:56 ;
Lift TBP 00;BS;BS02;V;3/24/14;6:46:39 ;
Lift TBP 00;BS;BS03;V;3/24/14;9:35:49 ;
Lift TBP 00;BS;BS03;V;3/24/14;9:35:51 ;
Lift TBP 00;BS;BS03;V;3/24/14;7:33:06 ;
Lift TBP 00;BS;BS03;V;3/24/14;7:28:41 ;
Lift TBP 00;BS;BS03;V;3/24/14;7:58:34 ;
Lift TBP 00;BS;BS04;V;3/24/14;8:31:44 ;
Lift TBP 00;BS;BS04;V;3/24/14;7:40:04 ;
Lift TBP 00;BS;BS04;V;3/24/14;6:59:24 ;
Lift TBP 00;BS;BS04;V;3/24/14;8:19:54 ;
Lift TBP 00;BS;BS04;V;3/24/14;7:28:10 ;
Lift TBP 00;BS;BS04;V;3/24/14;9:36:40 ;
Lift TBP 00;BS;BS04;V;3/24/14;6:53:58 ;
Lift TBP 00;BS;BS04;V;3/24/14;7:56:41 ;
Lift TBP 00;BS;BS04;V;3/24/14;9:37:17 ;
Lift TBP 00;BS;BS04;V;3/24/14;7:29:19 ;
Lift TBP 00;BS;BS04;V;3/24/14;7:29:21 ;
Lift TBP 00;BS;BS04;V;3/24/14;7:29:30 ;
Lift TBP 00;BS;BS04;V;3/24/14;7:37:28 ;
Lift TBP 00;BS;BS05;V;3/24/14;8:53:01 ;
Lift TBP 00;BS;BS05;V;3/24/14;8:53:02 ;
Lift TBP 00;BS;BS06;V;3/24/14;7:38:18 ;
Lift TBP 00;BS;BS06;V;3/24/14;9:07:02 ;
Lift TBP 00;BS;BS06;V;3/24/14;7:50:36 ;
Lift TBP 00;BS;BS06;V;3/24/14;6:52:46 ;
Lift TBP 00;CP;CP06;V;3/24/14;7:16:16 ;
Lift TBP 00;CP;CP06;V;3/24/14;8:33:38 ;
Lift TBP 00;CP;CP06;V;3/24/14;7:31:08 ;
Lift TBP 00;CS;CS01;V;3/24/14;6:59:56 ;
Lift TBP 00;CS;CS03;V;3/24/14;7:13:05 ;
Lift TBP 00;CS;CS03;V;3/24/14;7:13:07 ;
Lift TBP 00;CS;CS03;V;3/24/14;8:38:10 ;
Lift TBP 00;CS;CS03;V;3/24/14;8:05:53 ;
Lift TBP 00;CS;CS03;V;3/24/14;8:05:54 ;
Lift TBP 00;CS;CS03;V;3/24/14;9:31:44 ;
Lift TBP 00;CS;CS03;V;3/24/14;8:40:36 ;
Lift TBP 00;CS;CS03;V;3/24/14;8:14:24 ;
Lift TBP 00;BP;BP03;V;3/24/14;8:21:30 ;
Lift TBP 00;BS;BS02;V;3/24/14;6:54:47 ;
Lift TBP 00;BP;BP04;M;3/24/14;8:30:26 ;
Lift TBP 00;BP;BP04;M;3/24/14;8:10:40 ;
Lift TBP 00;BP;BP04;M;3/24/14;8:10:41 ;
Lift TBP 00;BP;BP05;M;3/24/14;7:18:49 ;
Lift TBP 00;BP;BP05;M;3/24/14;6:40:45 ;
Lift TBP 00;BP;BP05;M;3/24/14;8:17:04 ;
Lift TBP 00;BP;BP05;M;3/24/14;8:29:46 ;
Lift TBP 00;BP;BP05;M;3/24/14;9:44:35 ;
Lift TBP 00;BP;BP05;M;3/24/14;7:42:52 ;
Lift TBP 00;BP;BP05;M;3/24/14;7:42:53 ;
Lift TBP 00;BP;BP05;M;3/24/14;8:00:30 ;
Lift TBP 00;BP;BP05;M;3/24/14;9:13:29 ;
Lift TBP 00;BS;BS03;M;3/24/14;9:14:38 ;
Lift TBP 00;BS;BS04;M;3/24/14;8:54:31 ;
Lift TBP 00;BS;BS05;M;3/24/14;7:04:22 ;
Lift TBP 00;BS;BS05;M;3/24/14;9:04:06 ;
Lift TBP 00;BS;BS05;M;3/24/14;7:24:09 ;
Lift TBP 00;CS;CS05;M;3/24/14;8:16:34 ;
Lift TBP 00;CS;CS05;M;3/24/14;8:18:14 ;
Lift TBP 00;BP;BP02;M;3/24/14;9:02:45 ;
Lift TBP 00;BP;BP02;M;3/24/14;6:36:30 ;
Lift TBP 00;BP;BP03;M;3/24/14;7:17:22 ;
Lift TBP 00;BS;BS03;M;3/24/14;8:47:07 ;
Lift TBP 00;BS;BS03;M;3/24/14;9:17:54 ;
Lift TBP 00;BS;BS03;M;3/24/14;8:24:23 ;
Lift TBP 00;BS;BS03;M;3/24/14;8:26:10 ;
Lift TBP 00;BS;BS04;M;3/24/14;7:51:05 ;
Lift TBP 00;BS;BS04;M;3/24/14;7:26:04 ;
Lift TBP 00;BS;BS04;M;3/24/14;9:34:27 ;
Lift TBP 00;CP;CP02;M;3/24/14;9:49:10 ;
Lift TBP 00;CS;CS71;M;3/24/14;7:40:41 ;
Lift TBP 00;CS;CS71;M;3/24/14;7:54:02 ;
Lift TBP 00;CS;CS71;M;3/24/14;8:55:57 ;
Lift TBS 00;BP;BP03;V;3/24/14;8:39:05 ;
Lift TBS 00;BP;BP04;V;3/24/14;7:27:33 ;
Lift TBS 00;BP;BP05;V;3/24/14;9:07:22 ;
Lift TBS 00;BS;BS00;V;3/24/14;8:24:38 ;
Lift TBS 00;BS;BS00;V;3/24/14;9:10:52 ;
Lift TBS 00;BS;BS00;V;3/24/14;9:19:43 ;
Lift TBS 00;BS;BS00;V;3/24/14;9:19:50 ;
Lift TBS 00;BS;BS03;V;3/24/14;8:27:52 ;
Lift TBS 00;BS;BS05;V;3/24/14;8:02:48 ;
Lift TBS 00;BS;BS05;V;3/24/14;8:18:31 ;
Lift TBS 00;BS;BS06;V;3/24/14;8:59:38 ;
Lift TBS 00;BS;BS06;V;3/24/14;8:01:28 ;
Lift TBS 00;BS;BS06;V;3/24/14;8:16:54 ;
Lift TBS 00;BS;BS06;V;3/24/14;8:04:30 ;
Lift TBS 00;BS;BS06;V;3/24/14;7:49:41 ;
Lift TBS 00;BS;BS06;V;3/24/14;8:42:53 ;
Lift TBS 00;BS;BS06;V;3/24/14;8:52:29 ;
Lift TBS 00;BS;BS06;V;3/24/14;8:52:31 ;
Lift TBS 00;BS;BS02;V;3/24/14;7:05:27 ;
Lift TBS 00;BS;BS04;V;3/24/14;7:32:41 ;
Lift TBS 00;BS;BS04;V;3/24/14;7:32:43 ;
Lift TBS 00;BS;BS04;V;3/24/14;7:50:18 ;
Lift TBS 00;BS;BS06;V;3/24/14;8:21:12 ;
Lift TBS 00;BS;BS06;V;3/24/14;7:29:40 ;
Lift TBS 00;BS;BS06;V;3/24/14;9:17:46 ;
Lift TBS 00;BS;BS06;V;3/24/14;7:56:20 ;
Lift TBS 00;BS;BS06;V;3/24/14;7:56:22 ;
Lift TBS 00;BS;BS06;V;3/24/14;8:26:41 ;
Lift TBS 00;BS;BS06;V;3/24/14;8:29:16 ;
Lift TBS 00;CP;CP05;V;3/24/14;7:44:00 ;
Lift TBS 00;CP;CP06;V;3/24/14;8:34:07 ;
Lift TBS 00;BP;BP03;V;3/24/14;8:03:43 ;
Lift TBS 00;BP;BP03;V;3/24/14;7:26:36 ;
Lift TBS 00;BS;BS02;M;3/24/14;8:12:00 ;
Lift TBS 00;BS;BS02;M;3/24/14;9:23:04 ;
Lift TBS 00;BS;BS02;M;3/24/14;9:23:11 ;
Lift TBS 00;BS;BS03;M;3/24/14;7:39:59 ;
Lift TBS 00;BS;BS04;M;3/24/14;9:03:36 ;
Lift TBS 00;BS;BS04;M;3/24/14;7:51:03 ;
Lift TBS 00;BS;BS04;M;3/24/14;8:33:23 ;
Lift TBS 00;BS;BS06;M;3/24/14;7:37:19 ;
Lift TBS 00;BS;BS06;M;3/24/14;7:46:32 ;
Lift TBS 00;BS;BS06;M;3/24/14;8:41:10 ;
Lift TBS 00;BS;BS06;M;3/24/14;7:43:13 ;
Lift TBS 00;BS;BS06;M;3/24/14;9:23:54 ;
Lift TBS 00;BS;BS06;M;3/24/14;8:50:11 ;
Lift TBS 00;BP;BP03;M;3/24/14;9:27:58 ;
Lift TBS 00;BP;BP03;M;3/24/14;8:57:13 ;
Lift TBS 00;BP;BP03;M;3/24/14;9:57:25 ;
Lift TBS 00;BS;BS02;M;3/24/14;9:30:22 ;
Lift TBS 00;BS;BS04;M;3/24/14;8:25:05 ;
Lift TBS 00;BS;BS06;M;3/24/14;6:39:07 ;
Lift TBS 00;BS;BS06;M;3/24/14;8:53:42 ;
Lift TBS 00;BS;BS06;M;3/24/14;7:53:58 ;
Lift TBS 00;BS;BS06;M;3/24/14;8:58:19 ;
Lift TBS 00;BS;BS06;M;3/24/14;9:48:55 ;
Lift TBS 00;BS;BS06;M;3/24/14;9:48:56 ;
Lift TBS 00;BS;BS06;M;3/24/14;9:49:04 ;
Lift TBS 00;CS;CS71;M;3/24/14;9:18:11 ;
Lift TBS 00;BP;BP03;M;3/24/14;8:31:43 ;
Lift TCP 00;BP;BP05;V;3/24/14;6:54:30 ;
Lift TCP 00;CP;CP04;V;3/24/14;7:54:48 ;
Lift TCP 00;CP;CP04;V;3/24/14;7:55:02 ;
Lift TCP 00;CP;CP04;V;3/24/14;9:57:18 ;
Lift TCP 00;CP;CP05;V;3/24/14;9:06:27 ;
Lift TCP 00;CS;CS01;V;3/24/14;9:43:15 ;
Lift TCP 00;BP;BP03;V;3/24/14;8:37:05 ;
Lift TCP 00;BP;BP03;V;3/24/14;8:22:43 ;
Lift TCP 00;BP;BP03;V;3/24/14;6:59:31 ;
Lift TCP 00;BS;BS03;V;3/24/14;7:00:54 ;
Lift TCP 00;BS;BS04;V;3/24/14;7:00:11 ;
Lift TCP 00;CP;CP02;V;3/24/14;8:26:37 ;
Lift TCP 00;CP;CP03;V;3/24/14;6:41:18 ;
Lift TCP 00;CP;CP03;V;3/24/14;9:05:23 ;
Lift TCP 00;CP;CP04;V;3/24/14;7:32:18 ;
Lift TCP 00;CP;CP06;V;3/24/14;7:29:07 ;
Lift TCP 00;CP;CP06;V;3/24/14;7:50:20 ;
Lift TCP 00;CP;CP06;V;3/24/14;8:37:56 ;
Lift TCP 00;CP;CP06;V;3/24/14;8:40:52 ;
Lift TCP 00;CS;CS02;V;3/24/14;9:04:01 ;
Lift TCP 00;CS;CS03;V;3/24/14;9:25:39 ;
Lift TCP 00;CS;CS03;V;3/24/14;9:25:42 ;
Lift TCP 00;CS;CS04;V;3/24/14;8:33:41 ;
Lift TCP 00;CP;CP03;M;3/24/14;7:36:53 ;
Lift TCP 00;CP;CP03;M;3/24/14;8:02:36 ;
Lift TCP 00;CP;CP04;M;3/24/14;7:24:41 ;
Lift TCP 00;CP;CP04;M;3/24/14;7:48:59 ;
Lift TCP 00;CP;CP04;M;3/24/14;8:59:11 ;
Lift TCP 00;CP;CP04;M;3/24/14;8:30:04 ;
Lift TCP 00;CP;CP04;M;3/24/14;7:57:46 ;
Lift TCP 00;CP;CP04;M;3/24/14;8:40:23 ;
Lift TCP 00;CS;CS05;M;3/24/14;8:30:55 ;
Lift TCP 00;CS;CS05;M;3/24/14;8:36:06 ;
Lift TCP 00;CS;CS05;M;3/24/14;9:41:30 ;
Lift TCP 00;BP;BP03;M;3/24/14;7:38:00 ;
Lift TCP 00;BP;BP03;M;3/24/14;8:28:09 ;
Lift TCP 00;BP;BP03;M;3/24/14;9:13:19 ;
Lift TCP 00;BP;BP03;M;3/24/14;8:42:00 ;
Lift TCP 00;BP;BP03;M;3/24/14;9:16:52 ;
Lift TCP 00;CP;CP02;M;3/24/14;8:20:19 ;
Lift TCP 00;CP;CP04;M;3/24/14;8:34:43 ;
Lift TCP 00;CP;CP04;M;3/24/14;8:56:09 ;
Lift TCP 00;CP;CP04;M;3/24/14;7:21:51 ;
Lift TCP 00;CP;CP05;M;3/24/14;7:56:21 ;
Lift TCP 00;CP;CP05;M;3/24/14;7:41:40 ;
Lift TCP 00;CP;CP05;M;3/24/14;7:41:42 ;
Lift TCP 00;CS;CS03;M;3/24/14;8:12:58 ;
Lift TCP 00;CS;CS05;M;3/24/14;6:56:00 ;
Lift TCP 00;CS;CS05;M;3/24/14;8:32:57 ;
Lift TCP 00;CS;CS06;M;3/24/14;8:18:41 ;
Lift TCS 00;BP;BP05;V;3/24/14;9:40:08 ;
Lift TCS 00;CP;CP02;V;3/24/14;9:46:45 ;
Lift TCS 00;CP;CP03;V;3/24/14;6:48:39 ;
Lift TCS 00;CP;CP03;V;3/24/14;7:38:51 ;
Lift TCS 00;CP;CP03;V;3/24/14;9:12:33 ;
Lift TCS 00;CP;CP03;V;3/24/14;8:03:05 ;
Lift TCS 00;CP;CP03;V;3/24/14;8:03:07 ;
Lift TCS 00;CP;CP03;V;3/24/14;8:03:08 ;
Lift TCS 00;CP;CP04;V;3/24/14;9:16:45 ;
Lift TCS 00;CP;CP05;V;3/24/14;8:22:22 ;
Lift TCS 00;CP;CP05;V;3/24/14;6:52:43 ;
Lift TCS 00;CP;CP05;V;3/24/14;6:52:59 ;
Lift TCS 00;CP;CP06;V;3/24/14;8:06:56 ;
Lift TCS 00;CP;CP06;V;3/24/14;6:44:32 ;
Lift TCS 00;CP;CP06;V;3/24/14;6:44:33 ;
Lift TCS 00;CP;CP06;V;3/24/14;8:27:09 ;
Lift TCS 00;CS;CS01;V;3/24/14;6:46:21 ;
Lift TCS 00;CS;CS02;V;3/24/14;7:02:23 ;
Lift TCS 00;CS;CS03;V;3/24/14;7:39:42 ;
Lift TCS 00;CS;CS03;V;3/24/14;7:36:47 ;
Lift TCS 00;CS;CS04;V;3/24/14;8:30:11 ;
Lift TCS 00;CS;CS05;V;3/24/14;6:53:55 ;
Lift TCS 00;CS;CS05;V;3/24/14;7:10:29 ;
Lift TCS 00;CS;CS05;V;3/24/14;9:18:26 ;
Lift TCS 00;CS;CS05;V;3/24/14;9:18:27 ;
Lift TCS 00;CS;CS05;V;3/24/14;7:41:44 ;
Lift TCS 00;CS;CS05;V;3/24/14;7:10:11 ;
Lift TCS 00;CS;CS06;V;3/24/14;7:32:14 ;
Lift TCS 00;CS;CS06;V;3/24/14;8:33:16 ;
Lift TCS 00;CS;CS06;V;3/24/14;8:41:57 ;
Lift TCS 00;CS;CS06;V;3/24/14;8:24:14 ;
Lift TCS 00;CP;CP05;V;3/24/14;6:59:48 ;
Lift TCS 00;CS;CS05;V;3/24/14;8:32:19 ;
Lift TCS 00;BP;BP03;V;3/24/14;6:43:08 ;
Lift TCS 00;BP;BP03;V;3/24/14;6:43:43 ;
Lift TCS 00;BP;BP03;V;3/24/14;6:43:56 ;
Lift TCS 00;BP;BP03;V;3/24/14;6:43:58 ;
Lift TCS 00;BS;BS04;V;3/24/14;8:47:33 ;
Lift TCS 00;BS;BS06;V;3/24/14;8:18:26 ;
Lift TCS 00;BS;BS06;V;3/24/14;8:39:00 ;
Lift TCS 00;CP;CP03;V;3/24/14;5:47:30 ;
Lift TCS 00;CP;CP03;V;3/24/14;5:47:36 ;
Lift TCS 00;CP;CP03;V;3/24/14;7:13:08 ;
Lift TCS 00;CP;CP03;V;3/24/14;9:41:43 ;
Lift TCS 00;CP;CP03;V;3/24/14;9:41:44 ;
Lift TCS 00;CP;CP04;V;3/24/14;7:27:31 ;
Lift TCS 00;CP;CP04;V;3/24/14;9:06:07 ;
Lift TCS 00;CP;CP04;V;3/24/14;7:33:18 ;
Lift TCS 00;CP;CP04;V;3/24/14;6:55:53 ;
Lift TCS 00;CP;CP04;V;3/24/14;6:58:24 ;
Lift TCS 00;CP;CP05;V;3/24/14;8:37:19 ;
Lift TCS 00;CP;CP05;V;3/24/14;8:53:20 ;
Lift TCS 00;CP;CP05;V;3/24/14;8:54:10 ;
Lift TCS 00;CP;CP06;V;3/24/14;9:22:44 ;
Lift TCS 00;CP;CP06;V;3/24/14;8:30:34 ;
Lift TCS 00;CS;CS02;V;3/24/14;7:58:08 ;
Lift TCS 00;CS;CS02;V;3/24/14;7:50:02 ;
Lift TCS 00;CS;CS02;V;3/24/14;8:09:22 ;
Lift TCS 00;CS;CS02;V;3/24/14;9:06:46 ;
Lift TCS 00;CS;CS03;V;3/24/14;7:26:41 ;
Lift TCS 00;CS;CS03;V;3/24/14;6:37:36 ;
Lift TCS 00;CS;CS03;V;3/24/14;6:37:38 ;
Lift TCS 00;CS;CS03;V;3/24/14;7:05:41 ;
Lift TCS 00;CS;CS03;V;3/24/14;7:01:36 ;
Lift TCS 00;CS;CS03;V;3/24/14;7:06:56 ;
Lift TCS 00;CS;CS03;V;3/24/14;7:21:13 ;
Lift TCS 00;CS;CS03;V;3/24/14;8:01:56 ;
Lift TCS 00;CS;CS03;V;3/24/14;8:34:07 ;
Lift TCS 00;CS;CS03;V;3/24/14;8:34:09 ;
Lift TCS 00;CS;CS03;V;3/24/14;6:36:25 ;
Lift TCS 00;CS;CS03;V;3/24/14;8:36:28 ;
Lift TCS 00;CS;CS04;V;3/24/14;7:53:42 ;
Lift TCS 00;CS;CS04;V;3/24/14;9:38:28 ;
Lift TCS 00;CS;CS04;V;3/24/14;6:30:43 ;
Lift TCS 00;CS;CS04;V;3/24/14;7:57:18 ;
Lift TCS 00;CS;CS04;V;3/24/14;7:42:15 ;
Lift TCS 00;CS;CS04;V;3/24/14;9:08:45 ;
Lift TCS 00;CS;CS04;V;3/24/14;7:21:58 ;
Lift TCS 00;CS;CS04;V;3/24/14;6:23:49 ;
Lift TCS 00;CS;CS04;V;3/24/14;8:31:26 ;
Lift TCS 00;CS;CS04;V;3/24/14;7:19:00 ;
Lift TCS 00;CS;CS04;V;3/24/14;8:20:35 ;
Lift TCS 00;CS;CS04;V;3/24/14;9:04:26 ;
Lift TCS 00;CS;CS04;V;3/24/14;7:44:27 ;
Lift TCS 00;CS;CS05;V;3/24/14;7:16:31 ;
Lift TCS 00;CS;CS05;V;3/24/14;7:31:17 ;
Lift TCS 00;CS;CS05;V;3/24/14;7:35:58 ;
Lift TCS 00;CS;CS05;V;3/24/14;9:21:53 ;
Lift TCS 00;CS;CS05;V;3/24/14;8:23:06 ;
Lift TCS 00;CS;CS05;V;3/24/14;8:08:16 ;
Lift TCS 00;CS;CS05;V;3/24/14;9:23:41 ;
Lift TCS 00;CS;CS05;V;3/24/14;9:23:42 ;
Lift TCS 00;CS;CS05;V;3/24/14;6:34:58 ;
Lift TCS 00;CS;CS05;V;3/24/14;6:38:45 ;
Lift TCS 00;CS;CS05;V;3/24/14;7:15:52 ;
Lift TCS 00;CS;CS05;V;3/24/14;7:38:30 ;
Lift TCS 00;CS;CS05;V;3/24/14;8:55:45 ;
Lift TCS 00;CS;CS06;V;3/24/14;8:14:43 ;
Lift TCS 00;CS;CS06;V;3/24/14;9:19:48 ;
Lift TCS 00;CS;CS06;V;3/24/14;8:02:29 ;
Lift TCS 00;CS;CS06;V;3/24/14;7:11:48 ;
Lift TCS 00;CP;CP03;M;3/24/14;6:47:49 ;
Lift TCS 00;CP;CP03;M;3/24/14;6:47:51 ;
Lift TCS 00;CP;CP05;M;3/24/14;7:05:04 ;
Lift TCS 00;CS;CS02;M;3/24/14;7:37:46 ;
Lift TCS 00;CS;CS03;M;3/24/14;9:29:24 ;
Lift TCS 00;CS;CS04;M;3/24/14;9:07:56 ;
Lift TCS 00;CS;CS04;M;3/24/14;8:28:33 ;
Lift TCS 00;CS;CS05;M;3/24/14;9:01:03 ;
Lift TCS 00;CS;CS05;M;3/24/14;7:29:26 ;
Lift TCS 00;CS;CS05;M;3/24/14;8:50:39 ;
Lift TCS 00;CS;CS05;M;3/24/14;8:39:54 ;
Lift TCS 00;CS;CS05;M;3/24/14;9:31:39 ;
Lift TCS 00;CS;CS05;M;3/24/14;9:56:02 ;
Lift TCS 00;CS;CS05;M;3/24/14;9:21:14 ;
Lift TCS 00;CS;CS05;M;3/24/14;8:04:08 ;
Lift TCS 00;CS;CS05;M;3/24/14;8:05:14 ;
Lift TCS 00;CS;CS05;M;3/24/14;8:46:52 ;
Lift TCS 00;CS;CS05;M;3/24/14;7:30:09 ;
Lift TCS 00;CS;CS06;M;3/24/14;8:42:46 ;
Lift TCS 00;CS;CS06;M;3/24/14;8:15:54 ;
Lift TCS 00;CS;CS06;M;3/24/14;8:15:56 ;
Lift TCS 00;BP;BP06;M;3/24/14;7:56:25 ;
Lift TCS 00;BP;BP06;M;3/24/14;8:16:35 ;
Lift TCS 00;BS;BS06;M;3/24/14;8:12:40 ;
Lift TCS 00;CP;CP02;M;3/24/14;8:38:20 ;
Lift TCS 00;CP;CP03;M;3/24/14;7:25:46 ;
Lift TCS 00;CP;CP04;M;3/24/14;9:24:26 ;
Lift TCS 00;CP;CP04;M;3/24/14;7:32:01 ;
Lift TCS 00;CP;CP04;M;3/24/14;9:13:29 ;
Lift TCS 00;CP;CP04;M;3/24/14;7:04:31 ;
Lift TCS 00;CP;CP05;M;3/24/14;8:06:00 ;
Lift TCS 00;CP;CP05;M;3/24/14;9:01:32 ;
Lift TCS 00;CP;CP05;M;3/24/14;9:01:34 ;
Lift TCS 00;CP;CP05;M;3/24/14;7:52:02 ;
Lift TCS 00;CP;CP05;M;3/24/14;9:30:28 ;
Lift TCS 00;CP;CP05;M;3/24/14;7:08:40 ;
Lift TCS 00;CP;CP06;M;3/24/14;7:54:41 ;
Lift TCS 00;CS;CS02;M;3/24/14;7:28:50 ;
Lift TCS 00;CS;CS03;M;3/24/14;8:57:52 ;
Lift TCS 00;CS;CS03;M;3/24/14;8:43:48 ;
Lift TCS 00;CS;CS03;M;3/24/14;9:26:48 ;
Lift TCS 00;CS;CS04;M;3/24/14;7:20:38 ;
Lift TCS 00;CS;CS04;M;3/24/14;7:28:15 ;
Lift TCS 00;CS;CS04;M;3/24/14;6:33:30 ;
Lift TCS 00;CS;CS04;M;3/24/14;7:35:15 ;
Lift TCS 00;CS;CS04;M;3/24/14;8:44:27 ;
Lift TCS 00;CS;CS04;M;3/24/14;9:27:57 ;
Lift TCS 00;CS;CS04;M;3/24/14;8:25:20 ;
Lift TCS 00;CS;CS04;M;3/24/14;7:45:24 ;
Lift TCS 00;CS;CS04;M;3/24/14;8:19:13 ;
Lift TCS 00;CS;CS04;M;3/24/14;8:19:14 ;
Lift TCS 00;CS;CS04;M;3/24/14;9:54:24 ;
Lift TCS 00;CS;CS04;M;3/24/14;7:46:02 ;
Lift TCS 00;CS;CS04;M;3/24/14;7:46:03 ;
Lift TCS 00;CS;CS05;M;3/24/14;6:52:03 ;
Lift TCS 00;CS;CS06;M;3/24/14;7:52:42 ;
Lift TCS 00;CS;CS06;M;3/24/14;8:19:52 ;
Lift TCS 00;CS;CS06;M;3/24/14;9:37:00 ;
Lift TCS 00;CS;CS06;M;3/24/14;9:37:01 ;
Lift TDM 00;DM;DM03;V;3/24/14;9:17:05 ;
Lift TDM 00;DM;DM02;V;3/24/14;7:54:35 ;
Lift TDM 00;DM;DM02;V;3/24/14;7:54:36 ;
Lift TDM 00;DM;DM03;V;3/24/14;7:33:57 ;
Lift TDM 00;DM;DM03;V;3/24/14;8:47:14 ;
Lift TDM 00;DM;DM03;V;3/24/14;8:25:42 ;
Lift TDM 00;DM;DM03;V;3/24/14;8:38:03 ;
Lift TDM 00;DM;DM03;V;3/24/14;8:45:55 ;
Lift TDM 00;DM;DM04;V;3/24/14;7:20:32 ;
Lift TDM 00;DM;DM05;V;3/24/14;9:28:31 ;
Lift TDM 00;DM;DM05;V;3/24/14;7:35:56 ;
Lift TDM 00;DM;DM05;V;3/24/14;8:38:57 ;
Lift TDM 00;DM;DM05;V;3/24/14;9:05:37 ;
Lift TDM 00;DM;DM05;V;3/24/14;7:43:13 ;
Lift TDM 00;DM;DM05;V;3/24/14;7:43:15 ;
Lift TDM 00;DM;DM06;V;3/24/14;9:39:18 ;
Lift TDM 00;DM;DM06;V;3/24/14;8:30:26 ;
Lift TDM 00;DM;DM06;V;3/24/14;7:27:51 ;
Lift TDM 00;DM;DM06;V;3/24/14;9:33:18 ;
Lift TDM 00;ES;ES06;V;3/24/14;7:12:39 ;
Lift TDM 00;ES;ES06;V;3/24/14;7:12:41 ;
Lift TDM 00;ES;ES06;V;3/24/14;7:12:44 ;
Lift TDM 00;ES;ES06;V;3/24/14;9:52:38 ;
Lift TDM 00;ES;ES06;V;3/24/14;8:19:50 ;
Lift TDM 00;ES;ES06;V;3/24/14;6:55:49 ;
Lift TDM 00;ES;ES06;V;3/24/14;9:02:25 ;
Lift TDM 00;ES;ES06;V;3/24/14;7:38:47 ;
Lift TDM 00;CS;CS03;V;3/24/14;9:55:33 ;
Lift TDM 00;ES;ES03;V;3/24/14;9:12:35 ;
Lift TDM 00;ES;ES03;V;3/24/14;7:49:56 ;
Lift TDM 00;ES;ES03;V;3/24/14;8:28:59 ;
Lift TDM 00;DM;DM02;M;3/24/14;9:59:36 ;
Lift TDM 00;DM;DM02;M;3/24/14;7:54:08 ;
Lift TDM 00;DM;DM02;M;3/24/14;7:58:17 ;
Lift TDM 00;DM;DM02;M;3/24/14;8:56:20 ;
Lift TDM 00;DM;DM03;M;3/24/14;7:33:00 ;
Lift TDM 00;DM;DM03;M;3/24/14;8:49:52 ;
Lift TDM 00;DM;DM04;M;3/24/14;7:14:41 ;
Lift TDM 00;DM;DM04;M;3/24/14;7:14:43 ;
Lift TDM 00;DM;DM04;M;3/24/14;7:21:51 ;
Lift TDM 00;DM;DM04;M;3/24/14;8:06:42 ;
Lift TDM 00;DM;DM04;M;3/24/14;9:51:56 ;
Lift TDM 00;DM;DM05;M;3/24/14;7:37:55 ;
Lift TDM 00;DM;DM05;M;3/24/14;8:26:41 ;
Lift TDM 00;DM;DM05;M;3/24/14;8:52:54 ;
Lift TDM 00;DM;DM05;M;3/24/14;9:00:32 ;
Lift TDM 00;DM;DM05;M;3/24/14;9:25:04 ;
Lift TDM 00;DM;DM05;M;3/24/14;8:17:56 ;
Lift TDM 00;DM;DM05;M;3/24/14;8:29:53 ;
Lift TDM 00;DM;DM05;M;3/24/14;7:40:30 ;
Lift TDM 00;DM;DM05;M;3/24/14;9:11:09 ;
Lift TDM 00;DM;DM05;M;3/24/14;7:07:56 ;
Lift TDM 00;DM;DM05;M;3/24/14;8:22:08 ;
Lift TDM 00;DM;DM05;M;3/24/14;8:16:32 ;
Lift TDM 00;DM;DM06;M;3/24/14;8:50:30 ;
Lift TDM 00;DM;DM06;M;3/24/14;8:54:54 ;
Lift TDM 00;DM;DM06;M;3/24/14;6:52:29 ;
Lift TDM 00;DM;DM06;M;3/24/14;9:43:41 ;
Lift TDM 00;DM;DM06;M;3/24/14;7:32:06 ;
Lift TDM 00;DM;DM06;M;3/24/14;7:30:22 ;
Lift TDM 00;DM;DM06;M;3/24/14;7:46:13 ;
Lift TDM 00;EP;EP04;M;3/24/14;9:06:17 ;
Lift TDM 00;EP;EP05;M;3/24/14;8:43:20 ;
Lift TDM 00;EP;EP05;M;3/24/14;7:51:29 ;
Lift TDM 00;EP;EP05;M;3/24/14;8:20:58 ;
Lift TDM 00;ES;ES06;M;3/24/14;8:00:21 ;
Lift TDM 00;ES;ES06;M;3/24/14;8:53:55 ;
Lift TDM 00;ES;ES06;M;3/24/14;8:31:14 ;
Lift TDM 00;ES;ES06;M;3/24/14;8:36:50 ;
Lift TDM 00;ES;ES06;M;3/24/14;8:24:14 ;
Lift TDM 00;ES;ES06;M;3/24/14;9:22:49 ;
Lift TDM 00;EP;EP04;M;3/24/14;8:33:13 ;
Lift TDM 00;EP;EP04;M;3/24/14;8:36:25 ;
Lift TDM 00;EP;EP05;M;3/24/14;9:47:49 ;
Lift TDM 00;EP;EP05;M;3/24/14;9:47:50 ;
Lift TDM 00;DM;DM02;M;3/24/14;7:26:38 ;
Lift TDM 00;DM;DM02;M;3/24/14;9:48:56 ;
Lift TDM 00;DM;DM02;M;3/24/14;9:48:59 ;
Lift TDM 00;DM;DM02;M;3/24/14;9:00:00 ;
Lift TDM 00;DM;DM02;M;3/24/14;9:00:02 ;
Lift TDM 00;DM;DM02;M;3/24/14;6:43:38 ;
Lift TDM 00;DM;DM02;M;3/24/14;7:32:36 ;
Lift TDM 00;DM;DM02;M;3/24/14;8:41:35 ;
Lift TDM 00;DM;DM02;M;3/24/14;7:52:43 ;
Lift TDM 00;DM;DM02;M;3/24/14;7:52:45 ;
Lift TDM 00;DM;DM02;M;3/24/14;7:36:49 ;
Lift TDM 00;ES;ES02;M;3/24/14;8:59:03 ;
Lift TBP 00;BP;BP02;V;3/25/14;6:59:59 ;
Lift TBP 00;BP;BP02;V;3/25/14;7:00:21 ;
Lift TBP 00;BP;BP02;V;3/25/14;7:15:51 ;
Lift TBP 00;BP;BP02;V;3/25/14;8:54:20 ;
Lift TBP 00;BP;BP03;V;3/25/14;7:01:24 ;
Lift TBP 00;BP;BP03;V;3/25/14;7:02:10 ;
Lift TBP 00;BP;BP03;V;3/25/14;7:53:54 ;
Lift TBP 00;BP;BP03;V;3/25/14;7:41:32 ;
Lift TBP 00;BP;BP03;V;3/25/14;8:46:50 ;
Lift TBP 00;BP;BP04;V;3/25/14;8:58:31 ;
Lift TBP 00;BP;BP04;V;3/25/14;9:25:22 ;
Lift TBP 00;BP;BP04;V;3/25/14;6:58:07 ;
Lift TBP 00;BP;BP05;V;3/25/14;7:13:05 ;
Lift TBP 00;BP;BP05;V;3/25/14;7:13:06 ;
Lift TBP 00;BP;BP05;V;3/25/14;8:37:41 ;
Lift TBP 00;BP;BP05;V;3/25/14;6:51:32 ;
Lift TBP 00;BP;BP05;V;3/25/14;6:49:25 ;
Lift TBP 00;BP;BP05;V;3/25/14;8:27:19 ;
Lift TBP 00;BS;BS02;V;3/25/14;7:26:32 ;
Lift TBP 00;BS;BS02;V;3/25/14;7:24:01 ;
Lift TBP 00;BS;BS02;V;3/25/14;7:43:14 ;
Lift TBP 00;BS;BS03;V;3/25/14;9:23:47 ;
Lift TBP 00;BS;BS06;V;3/25/14;8:00:43 ;
Lift TBP 00;CS;CS03;V;3/25/14;8:29:43 ;
Lift TBP 00;BP;BP02;V;3/25/14;7:48:42 ;
Lift TBP 00;BP;BP02;V;3/25/14;9:47:18 ;
Lift TBP 00;BP;BP02;V;3/25/14;7:09:33 ;
Lift TBP 00;BP;BP02;V;3/25/14;9:30:04 ;
Lift TBP 00;BP;BP02;V;3/25/14;7:46:37 ;
Lift TBP 00;BP;BP02;V;3/25/14;7:52:53 ;
Lift TBP 00;BP;BP02;V;3/25/14;8:00:00 ;
Lift TBP 00;BP;BP02;V;3/25/14;7:02:51 ;
Lift TBP 00;BP;BP02;V;3/25/14;7:49:47 ;
Lift TBP 00;BP;BP02;V;3/25/14;8:50:42 ;
Lift TBP 00;BP;BP04;V;3/25/14;9:32:56 ;
Lift TBP 00;BP;BP04;V;3/25/14;9:08:33 ;
Lift TBP 00;BP;BP06;V;3/25/14;8:01:58 ;
Lift TBP 00;BP;BP06;V;3/25/14;8:39:56 ;
Lift TBP 00;BS;BS02;V;3/25/14;8:25:47 ;
Lift TBP 00;BS;BS02;V;3/25/14;7:35:35 ;
Lift TBP 00;BS;BS02;V;3/25/14;6:56:13 ;
Lift TBP 00;BS;BS02;V;3/25/14;7:57:07 ;
Lift TBP 00;BS;BS03;V;3/25/14;9:37:05 ;
Lift TBP 00;BS;BS03;V;3/25/14;9:37:07 ;
Lift TBP 00;BS;BS03;V;3/25/14;7:22:54 ;
Lift TBP 00;BS;BS03;V;3/25/14;7:04:30 ;
Lift TBP 00;BS;BS03;V;3/25/14;9:06:09 ;
Lift TBP 00;BS;BS03;V;3/25/14;7:36:28 ;
Lift TBP 00;BS;BS03;V;3/25/14;9:28:26 ;
Lift TBP 00;BS;BS03;V;3/25/14;8:38:50 ;
Lift TBP 00;BS;BS04;V;3/25/14;6:57:24 ;
Lift TBP 00;BS;BS04;V;3/25/14;8:09:08 ;
Lift TBP 00;BS;BS04;V;3/25/14;7:55:21 ;
Lift TBP 00;BS;BS04;V;3/25/14;7:55:22 ;
Lift TBP 00;BS;BS04;V;3/25/14;7:00:45 ;
Lift TBP 00;BS;BS04;V;3/25/14;8:41:44 ;
Lift TBP 00;BS;BS04;V;3/25/14;8:53:30 ;
Lift TBP 00;BS;BS04;V;3/25/14;8:53:31 ;
Lift TBP 00;BS;BS04;V;3/25/14;7:42:12 ;
Lift TBP 00;BS;BS04;V;3/25/14;9:11:00 ;
Lift TBP 00;BS;BS04;V;3/25/14;9:32:06 ;
Lift TBP 00;BS;BS04;V;3/25/14;7:37:56 ;
Lift TBP 00;BS;BS05;V;3/25/14;8:23:50 ;
Lift TBP 00;BS;BS05;V;3/25/14;8:23:55 ;
Lift TBP 00;BS;BS06;V;3/25/14;8:59:02 ;
Lift TBP 00;BS;BS06;V;3/25/14;9:55:34 ;
Lift TBP 00;BS;BS06;V;3/25/14;7:56:00 ;
Lift TBP 00;BS;BS06;V;3/25/14;8:21:20 ;
Lift TBP 00;CP;CP06;V;3/25/14;7:19:11 ;
Lift TBP 00;CS;CS01;V;3/25/14;7:32:50 ;
Lift TBP 00;CS;CS03;V;3/25/14;7:10:01 ;
Lift TBP 00;CS;CS03;V;3/25/14;8:36:34 ;
Lift TBP 00;CS;CS03;V;3/25/14;8:36:35 ;
Lift TBP 00;CS;CS03;V;3/25/14;8:06:28 ;
Lift TBP 00;CS;CS03;V;3/25/14;6:56:53 ;
Lift TBP 00;CS;CS03;V;3/25/14;6:56:54 ;
Lift TBP 00;CS;CS03;V;3/25/14;7:34:58 ;
Lift TBP 00;CS;CS04;V;3/25/14;7:37:30 ;
Lift TBP 00;BP;BP02;V;3/25/14;8:34:56 ;
Lift TBP 00;BP;BP02;V;3/25/14;8:47:34 ;
Lift TBP 00;BP;BP03;V;3/25/14;7:33:52 ;
Lift TBP 00;BS;BS02;V;3/25/14;8:15:43 ;
Lift TBP 00;BS;BS02;V;3/25/14;8:35:34 ;
Lift TBP 00;BP;BP04;M;3/25/14;7:39:22 ;
Lift TBP 00;BP;BP05;M;3/25/14;7:16:47 ;
Lift TBP 00;BP;BP05;M;3/25/14;6:42:44 ;
Lift TBP 00;BP;BP05;M;3/25/14;8:05:57 ;
Lift TBP 00;BP;BP05;M;3/25/14;8:19:19 ;
Lift TBP 00;BP;BP05;M;3/25/14;8:31:35 ;
Lift TBP 00;BP;BP05;M;3/25/14;7:54:24 ;
Lift TBP 00;BP;BP05;M;3/25/14;7:54:26 ;
Lift TBP 00;BP;BP05;M;3/25/14;7:54:28 ;
Lift TBP 00;BP;BP05;M;3/25/14;7:54:37 ;
Lift TBP 00;BP;BP05;M;3/25/14;7:54:39 ;
Lift TBP 00;BP;BP05;M;3/25/14;8:08:34 ;
Lift TBP 00;BP;BP05;M;3/25/14;9:19:30 ;
Lift TBP 00;BS;BS03;M;3/25/14;9:10:26 ;
Lift TBP 00;BS;BS04;M;3/25/14;8:50:10 ;
Lift TBP 00;BS;BS05;M;3/25/14;6:52:56 ;
Lift TBP 00;BS;BS05;M;3/25/14;8:55:09 ;
Lift TBP 00;BS;BS05;M;3/25/14;7:10:38 ;
Lift TBP 00;BS;BS05;M;3/25/14;8:33:16 ;
Lift TBP 00;CS;CS02;M;3/25/14;8:48:37 ;
Lift TBP 00;CS;CS05;M;3/25/14;8:28:27 ;
Lift TBP 00;BP;BP02;M;3/25/14;9:36:15 ;
Lift TBP 00;BP;BP02;M;3/25/14;6:58:44 ;
Lift TBP 00;BP;BP05;M;3/25/14;8:01:35 ;
Lift TBP 00;BP;BP05;M;3/25/14;8:20:03 ;
Lift TBP 00;BP;BP06;M;3/25/14;8:51:43 ;
Lift TBP 00;BS;BS02;M;3/25/14;8:07:39 ;
Lift TBP 00;BS;BS03;M;3/25/14;8:52:33 ;
Lift TBP 00;BS;BS03;M;3/25/14;7:30:43 ;
Lift TBP 00;BS;BS04;M;3/25/14;7:05:33 ;
Lift TBP 00;CS;CS02;M;3/25/14;8:17:10 ;
Lift TBP 00;BP;BP02;M;3/25/14;6:47:40 ;
Lift TBP 00;BS;BS02;M;3/25/14;7:14:49 ;
Lift TBP 00;BS;BS02;M;3/25/14;9:42:15 ;
Lift TBS 00;BP;BP03;V;3/25/14;7:30:34 ;
Lift TBS 00;BP;BP04;V;3/25/14;9:29:33 ;
Lift TBS 00;BS;BS00;V;3/25/14;8:24:56 ;
Lift TBS 00;BS;BS00;V;3/25/14;9:49:43 ;
Lift TBS 00;BS;BS00;V;3/25/14;8:23:01 ;
Lift TBS 00;BS;BS00;V;3/25/14;8:12:16 ;
Lift TBS 00;BS;BS00;V;3/25/14;8:32:15 ;
Lift TBS 00;BS;BS02;V;3/25/14;8:07:26 ;
Lift TBS 00;BS;BS05;V;3/25/14;6:59:32 ;
Lift TBS 00;BS;BS05;V;3/25/14;8:42:32 ;
Lift TBS 00;BS;BS05;V;3/25/14;8:42:40 ;
Lift TBS 00;BS;BS06;V;3/25/14;9:12:20 ;
Lift TBS 00;BS;BS06;V;3/25/14;8:45:00 ;
Lift TBS 00;BS;BS06;V;3/25/14;9:54:36 ;
Lift TBS 00;BS;BS06;V;3/25/14;8:34:30 ;
Lift TBS 00;BS;BS06;V;3/25/14;8:48:16 ;
Lift TBS 00;BS;BS05;V;3/25/14;9:10:41 ;
Lift TBS 00;BP;BP03;V;3/25/14;7:37:17 ;
Lift TBS 00;BP;BP04;V;3/25/14;9:37:32 ;
Lift TBS 00;BS;BS02;V;3/25/14;7:05:05 ;
Lift TBS 00;BS;BS02;V;3/25/14;8:22:34 ;
Lift TBS 00;BS;BS02;V;3/25/14;7:55:15 ;
Lift TBS 00;BS;BS02;V;3/25/14;7:15:30 ;
Lift TBS 00;BS;BS02;V;3/25/14;7:44:58 ;
Lift TBS 00;BS;BS02;V;3/25/14;7:45:01 ;
Lift TBS 00;BS;BS02;V;3/25/14;8:37:21 ;
Lift TBS 00;BS;BS03;V;3/25/14;9:23:25 ;
Lift TBS 00;BS;BS04;V;3/25/14;8:56:21 ;
Lift TBS 00;BS;BS04;V;3/25/14;8:16:23 ;
Lift TBS 00;BS;BS04;V;3/25/14;8:16:25 ;
Lift TBS 00;BS;BS04;V;3/25/14;7:38:07 ;
Lift TBS 00;BS;BS05;V;3/25/14;8:02:22 ;
Lift TBS 00;BS;BS06;V;3/25/14;7:59:40 ;
Lift TBS 00;BS;BS06;V;3/25/14;7:53:42 ;
Lift TBS 00;BS;BS06;V;3/25/14;9:34:10 ;
Lift TBS 00;BS;BS06;V;3/25/14;6:58:18 ;
Lift TBS 00;BS;BS06;V;3/25/14;7:10:14 ;
Lift TBS 00;BS;BS06;V;3/25/14;8:29:01 ;
Lift TBS 00;BS;BS06;V;3/25/14;7:52:48 ;
Lift TBS 00;CP;CP05;V;3/25/14;9:15:34 ;
Lift TBS 00;CS;CS01;V;3/25/14;6:16:48 ;
Lift TBS 00;CS;CS01;V;3/25/14;8:38:15 ;
Lift TBS 00;CS;CS01;V;3/25/14;9:31:08 ;
Lift TBS 00;BP;BP02;V;3/25/14;8:46:33 ;
Lift TBS 00;BP;BP02;V;3/25/14;9:42:41 ;
Lift TBS 00;BP;BP03;V;3/25/14;8:27:02 ;
Lift TBS 00;BP;BP03;V;3/25/14;8:49:25 ;
Lift TBS 00;BS;BS01;M;3/25/14;8:54:22 ;
Lift TBS 00;BS;BS02;M;3/25/14;9:18:42 ;
Lift TBS 00;BS;BS03;M;3/25/14;7:43:36 ;
Lift TBS 00;BS;BS03;M;3/25/14;8:44:04 ;
Lift TBS 00;BS;BS04;M;3/25/14;8:58:58 ;
Lift TBS 00;BS;BS04;M;3/25/14;7:54:39 ;
Lift TBS 00;BS;BS04;M;3/25/14;9:22:31 ;
Lift TBS 00;BS;BS05;M;3/25/14;8:27:01 ;
Lift TBS 00;BS;BS06;M;3/25/14;7:39:29 ;
Lift TBS 00;BS;BS06;M;3/25/14;7:58:54 ;
Lift TBS 00;BS;BS06;M;3/25/14;8:13:59 ;
Lift TBS 00;BS;BS06;M;3/25/14;9:58:37 ;
Lift TBS 00;BS;BS06;M;3/25/14;8:27:54 ;
Lift TBS 00;BS;BS06;M;3/25/14;8:40:57 ;
Lift TBS 00;BS;BS06;M;3/25/14;7:51:48 ;
Lift TBS 00;BS;BS06;M;3/25/14;9:03:46 ;
Lift TBS 00;CP;CP03;M;3/25/14;9:35:14 ;
Lift TBS 00;BP;BP03;M;3/25/14;8:34:59 ;
Lift TBS 00;BS;BS03;M;3/25/14;7:19:20 ;
Lift TBS 00;BS;BS06;M;3/25/14;8:08:31 ;
Lift TBS 00;BS;BS06;M;3/25/14;7:00:46 ;
Lift TBS 00;BS;BS06;M;3/25/14;8:59:49 ;
Lift TBS 00;BS;BS06;M;3/25/14;6:53:37 ;
Lift TBS 00;BS;BS06;M;3/25/14;6:53:38 ;
Lift TCP 00;CP;CP02;V;3/25/14;7:48:59 ;
Lift TCP 00;CP;CP03;V;3/25/14;8:29:19 ;
Lift TCP 00;CP;CP03;V;3/25/14;8:07:56 ;
Lift TCP 00;CP;CP03;V;3/25/14;9:26:50 ;
Lift TCP 00;CP;CP03;V;3/25/14;6:59:11 ;
Lift TCP 00;CP;CP03;V;3/25/14;8:14:10 ;
Lift TCP 00;CP;CP04;V;3/25/14;7:58:53 ;
Lift TCP 00;CP;CP05;V;3/25/14;8:45:31 ;
Lift TCP 00;CS;CS03;V;3/25/14;7:38:53 ;
Lift TCP 00;BP;BP03;V;3/25/14;8:06:03 ;
Lift TCP 00;BP;BP03;V;3/25/14;7:14:08 ;
Lift TCP 00;BP;BP03;V;3/25/14;7:12:08 ;
Lift TCP 00;BP;BP03;V;3/25/14;7:32:13 ;
Lift TCP 00;BP;BP03;V;3/25/14;7:32:19 ;
Lift TCP 00;BP;BP03;V;3/25/14;7:32:22 ;
Lift TCP 00;BP;BP03;V;3/25/14;7:32:24 ;
Lift TCP 00;BP;BP03;V;3/25/14;7:44:01 ;
Lift TCP 00;BP;BP03;V;3/25/14;9:40:59 ;
Lift TCP 00;BP;BP03;V;3/25/14;9:41:00 ;
Lift TCP 00;BP;BP03;V;3/25/14;7:56:47 ;
Lift TCP 00;BS;BS03;V;3/25/14;6:59:58 ;
Lift TCP 00;BS;BS04;V;3/25/14;7:08:16 ;
Lift TCP 00;BS;BS06;V;3/25/14;9:32:39 ;
Lift TCP 00;CP;CP02;V;3/25/14;8:38:48 ;
Lift TCP 00;CP;CP03;V;3/25/14;8:57:13 ;
Lift TCP 00;CP;CP03;V;3/25/14;6:32:15 ;
Lift TCP 00;CP;CP04;V;3/25/14;9:00:49 ;
Lift TCP 00;CP;CP04;V;3/25/14;9:37:22 ;
Lift TCP 00;CP;CP05;V;3/25/14;9:28:24 ;
Lift TCP 00;CP;CP05;V;3/25/14;9:29:27 ;
Lift TCP 00;CP;CP05;V;3/25/14;8:28:08 ;
Lift TCP 00;CP;CP05;V;3/25/14;7:56:13 ;
Lift TCP 00;CP;CP06;V;3/25/14;7:04:02 ;
Lift TCP 00;CP;CP06;V;3/25/14;9:11:58 ;
Lift TCP 00;CP;CP06;V;3/25/14;8:26:17 ;
Lift TCP 00;CP;CP06;V;3/25/14;8:26:18 ;
Lift TCP 00;CP;CP06;V;3/25/14;8:26:21 ;
Lift TCP 00;CP;CP06;V;3/25/14;8:18:44 ;
Lift TCP 00;CS;CS02;V;3/25/14;8:33:55 ;
Lift TCP 00;CS;CS02;V;3/25/14;8:01:00 ;
Lift TCP 00;CS;CS03;V;3/25/14;7:35:23 ;
Lift TCP 00;CS;CS03;V;3/25/14;7:35:24 ;
Lift TCP 00;CS;CS03;V;3/25/14;7:35:25 ;
Lift TCP 00;CS;CS04;V;3/25/14;9:19:55 ;
Lift TCP 00;CS;CS04;V;3/25/14;9:19:58 ;
Lift TCP 00;CS;CS06;V;3/25/14;9:22:19 ;
Lift TCP 00;BS;BS02;M;3/25/14;9:05:14 ;
Lift TCP 00;BS;BS06;M;3/25/14;9:17:52 ;
Lift TCP 00;CP;CP03;M;3/25/14;7:47:39 ;
Lift TCP 00;CP;CP03;M;3/25/14;8:07:36 ;
Lift TCP 00;CP;CP04;M;3/25/14;8:27:04 ;
Lift TCP 00;CP;CP04;M;3/25/14;7:22:50 ;
Lift TCP 00;CP;CP04;M;3/25/14;7:53:35 ;
Lift TCP 00;CP;CP04;M;3/25/14;8:40:25 ;
Lift TCP 00;CP;CP04;M;3/25/14;9:46:59 ;
Lift TCP 00;CP;CP04;M;3/25/14;8:27:45 ;
Lift TCP 00;CP;CP04;M;3/25/14;9:30:11 ;
Lift TCP 00;CS;CS02;M;3/25/14;8:34:40 ;
Lift TCP 00;CS;CS05;M;3/25/14;8:23:08 ;
Lift TCP 00;CS;CS05;M;3/25/14;9:39:11 ;
Lift TCP 00;BP;BP03;M;3/25/14;7:40:12 ;
Lift TCP 00;BP;BP03;M;3/25/14;8:10:10 ;
Lift TCP 00;BP;BP03;M;3/25/14;8:50:58 ;
Lift TCP 00;BP;BP03;M;3/25/14;9:58:42 ;
Lift TCP 00;BP;BP03;M;3/25/14;8:14:59 ;
Lift TCP 00;CP;CP02;M;3/25/14;8:25:34 ;
Lift TCP 00;CP;CP04;M;3/25/14;7:46:32 ;
Lift TCP 00;CP;CP04;M;3/25/14;9:52:03 ;
Lift TCP 00;CP;CP04;M;3/25/14;9:52:29 ;
Lift TCP 00;CP;CP04;M;3/25/14;9:10:04 ;
Lift TCP 00;CP;CP04;M;3/25/14;7:25:38 ;
Lift TCP 00;CP;CP05;M;3/25/14;7:54:58 ;
Lift TCP 00;CP;CP05;M;3/25/14;7:53:22 ;
Lift TCP 00;CS;CS03;M;3/25/14;8:16:56 ;
Lift TCS 00;BS;BS06;V;3/25/14;8:05:41 ;
Lift TCS 00;BS;BS06;V;3/25/14;8:05:43 ;
Lift TCS 00;CP;CP02;V;3/25/14;9:28:41 ;
Lift TCS 00;CP;CP02;V;3/25/14;9:28:44 ;
Lift TCS 00;CP;CP03;V;3/25/14;8:01:14 ;
Lift TCS 00;CP;CP03;V;3/25/14;6:24:34 ;
Lift TCS 00;CP;CP04;V;3/25/14;9:16:14 ;
Lift TCS 00;CP;CP04;V;3/25/14;7:57:28 ;
Lift TCS 00;CP;CP05;V;3/25/14;8:55:33 ;
Lift TCS 00;CP;CP05;V;3/25/14;7:06:12 ;
Lift TCS 00;CP;CP05;V;3/25/14;8:21:12 ;
Lift TCS 00;CP;CP05;V;3/25/14;9:18:23 ;
Lift TCS 00;CP;CP05;V;3/25/14;6:55:51 ;
Lift TCS 00;CP;CP05;V;3/25/14;7:24:57 ;
Lift TCS 00;CP;CP05;V;3/25/14;8:29:30 ;
Lift TCS 00;CP;CP06;V;3/25/14;8:07:25 ;
Lift TCS 00;CP;CP06;V;3/25/14;9:20:15 ;
Lift TCS 00;CS;CS02;V;3/25/14;8:37:44 ;
Lift TCS 00;CS;CS02;V;3/25/14;9:11:38 ;
Lift TCS 00;CS;CS02;V;3/25/14;9:54:18 ;
Lift TCS 00;CS;CS02;V;3/25/14;7:15:11 ;
Lift TCS 00;CS;CS03;V;3/25/14;6:45:40 ;
Lift TCS 00;CS;CS03;V;3/25/14;8:29:44 ;
Lift TCS 00;CS;CS04;V;3/25/14;6:56:49 ;
Lift TCS 00;CS;CS04;V;3/25/14;6:56:51 ;
Lift TCS 00;CS;CS04;V;3/25/14;7:59:59 ;
Lift TCS 00;CS;CS04;V;3/25/14;8:00:18 ;
Lift TCS 00;CS;CS04;V;3/25/14;6:39:23 ;
Lift TCS 00;CS;CS04;V;3/25/14;6:39:26 ;
Lift TCS 00;CS;CS04;V;3/25/14;6:48:38 ;
Lift TCS 00;CS;CS05;V;3/25/14;7:37:35 ;
Lift TCS 00;CS;CS05;V;3/25/14;9:07:38 ;
Lift TCS 00;CS;CS05;V;3/25/14;7:50:12 ;
Lift TCS 00;CS;CS05;V;3/25/14;7:20:06 ;
Lift TCS 00;CS;CS05;V;3/25/14;7:36:58 ;
Lift TCS 00;CS;CS06;V;3/25/14;8:12:44 ;
Lift TCS 00;CS;CS06;V;3/25/14;7:47:41 ;
Lift TCS 00;CS;CS06;V;3/25/14;8:46:40 ;
Lift TCS 00;CS;CS06;V;3/25/14;8:46:58 ;
Lift TCS 00;CS;CS05;V;3/25/14;9:02:46 ;
Lift TCS 00;BP;BP03;V;3/25/14;6:49:44 ;
Lift TCS 00;BP;BP03;V;3/25/14;6:49:50 ;
Lift TCS 00;BP;BP06;V;3/25/14;8:30:48 ;
Lift TCS 00;BP;BP06;V;3/25/14;7:27:15 ;
Lift TCS 00;BP;BP06;V;3/25/14;8:43:02 ;
Lift TCS 00;BP;BP06;V;3/25/14;8:43:04 ;
Lift TCS 00;BS;BS04;V;3/25/14;7:28:57 ;
Lift TCS 00;BS;BS04;V;3/25/14;9:10:09 ;
Lift TCS 00;BS;BS04;V;3/25/14;8:13:18 ;
Lift TCS 00;BS;BS04;V;3/25/14;8:20:08 ;
Lift TCS 00;CP;CP02;V;3/25/14;8:11:25 ;
Lift TCS 00;CP;CP02;V;3/25/14;8:11:27 ;
Lift TCS 00;CP;CP02;V;3/25/14;8:48:07 ;
Lift TCS 00;CP;CP03;V;3/25/14;7:00:31 ;
Lift TCS 00;CP;CP03;V;3/25/14;5:52:07 ;
Lift TCS 00;CP;CP03;V;3/25/14;8:56:34 ;
Lift TCS 00;CP;CP03;V;3/25/14;8:07:40 ;
Lift TCS 00;CP;CP03;V;3/25/14;9:39:15 ;
Lift TCS 00;CP;CP04;V;3/25/14;9:06:58 ;
Lift TCS 00;CP;CP04;V;3/25/14;6:57:39 ;
Lift TCS 00;CP;CP04;V;3/25/14;7:44:45 ;
Lift TCS 00;CP;CP04;V;3/25/14;7:03:21 ;
Lift TCS 00;CP;CP04;V;3/25/14;6:58:11 ;
Lift TCS 00;CP;CP04;V;3/25/14;7:14:07 ;
Lift TCS 00;CP;CP05;V;3/25/14;7:26:54 ;
Lift TCS 00;CP;CP05;V;3/25/14;8:53:35 ;
Lift TCS 00;CP;CP06;V;3/25/14;9:22:21 ;
Lift TCS 00;CP;CP06;V;3/25/14;7:19:37 ;
Lift TCS 00;CP;CP06;V;3/25/14;8:34:35 ;
Lift TCS 00;CS;CS02;V;3/25/14;8:20:33 ;
Lift TCS 00;CS;CS02;V;3/25/14;8:14:37 ;
Lift TCS 00;CS;CS02;V;3/25/14;9:14:20 ;
Lift TCS 00;CS;CS03;V;3/25/14;7:39:14 ;
Lift TCS 00;CS;CS03;V;3/25/14;7:39:16 ;
Lift TCS 00;CS;CS03;V;3/25/14;7:28:18 ;
Lift TCS 00;CS;CS03;V;3/25/14;9:53:13 ;
Lift TCS 00;CS;CS03;V;3/25/14;6:36:33 ;
Lift TCS 00;CS;CS03;V;3/25/14;6:36:35 ;
Lift TCS 00;CS;CS03;V;3/25/14;7:44:16 ;
Lift TCS 00;CS;CS03;V;3/25/14;7:52:40 ;
Lift TCS 00;CS;CS03;V;3/25/14;7:09:26 ;
Lift TCS 00;CS;CS03;V;3/25/14;7:25:41 ;
Lift TCS 00;CS;CS03;V;3/25/14;7:38:13 ;
Lift TCS 00;CS;CS03;V;3/25/14;6:27:26 ;
Lift TCS 00;CS;CS03;V;3/25/14;7:08:59 ;
Lift TCS 00;CS;CS03;V;3/25/14;7:09:01 ;
Lift TCS 00;CS;CS03;V;3/25/14;6:58:51 ;
Lift TCS 00;CS;CS04;V;3/25/14;7:31:02 ;
Lift TCS 00;CS;CS04;V;3/25/14;9:21:29 ;
Lift TCS 00;CS;CS04;V;3/25/14;7:43:34 ;
Lift TCS 00;CS;CS04;V;3/25/14;7:42:13 ;
Lift TCS 00;CS;CS04;V;3/25/14;7:42:21 ;
Lift TCS 00;CS;CS04;V;3/25/14;7:54:16 ;
Lift TCS 00;CS;CS04;V;3/25/14;6:21:53 ;
Lift TCS 00;CS;CS04;V;3/25/14;8:43:50 ;
Lift TCS 00;CS;CS04;V;3/25/14;6:35:06 ;
Lift TCS 00;CS;CS04;V;3/25/14;6:35:08 ;
Lift TCS 00;CS;CS04;V;3/25/14;7:58:03 ;
Lift TCS 00;CS;CS04;V;3/25/14;7:02:09 ;
Lift TCS 00;CS;CS04;V;3/25/14;8:14:21 ;
Lift TCS 00;CS;CS04;V;3/25/14;8:41:16 ;
Lift TCS 00;CS;CS04;V;3/25/14;8:42:13 ;
Lift TCS 00;CS;CS04;V;3/25/14;7:31:42 ;
Lift TCS 00;CS;CS05;V;3/25/14;8:32:50 ;
Lift TCS 00;CS;CS05;V;3/25/14;7:51:23 ;
Lift TCS 00;CS;CS05;V;3/25/14;7:49:11 ;
Lift TCS 00;CS;CS05;V;3/25/14;6:52:06 ;
Lift TCS 00;CS;CS05;V;3/25/14;7:05:07 ;
Lift TCS 00;CS;CS05;V;3/25/14;7:51:59 ;
Lift TCS 00;CS;CS05;V;3/25/14;8:34:55 ;
Lift TCS 00;CS;CS05;V;3/25/14;6:41:49 ;
Lift TCS 00;CS;CS05;V;3/25/14;7:13:41 ;
Lift TCS 00;CS;CS06;V;3/25/14;7:23:18 ;
Lift TCS 00;CS;CS06;V;3/25/14;7:01:32 ;
Lift TCS 00;CS;CS06;V;3/25/14;8:45:08 ;
Lift TCS 00;BS;BS06;M;3/25/14;9:24:01 ;
Lift TCS 00;CP;CP02;M;3/25/14;7:40:23 ;
Lift TCS 00;CP;CP03;M;3/25/14;6:50:25 ;
Lift TCS 00;CS;CS03;M;3/25/14;8:22:44 ;
Lift TCS 00;CS;CS03;M;3/25/14;8:23:06 ;
Lift TCS 00;CS;CS03;M;3/25/14;8:24:06 ;
Lift TCS 00;CS;CS04;M;3/25/14;9:25:24 ;
Lift TCS 00;CS;CS04;M;3/25/14;7:54:56 ;
Lift TCS 00;CS;CS05;M;3/25/14;7:16:18 ;
Lift TCS 00;CS;CS06;M;3/25/14;8:39:32 ;
Lift TCS 00;CS;CS05;M;3/25/14;8:40:31 ;
Lift TCS 00;CS;CS05;M;3/25/14;9:52:32 ;
Lift TCS 00;CS;CS05;M;3/25/14;8:29:58 ;
Lift TCS 00;CS;CS05;M;3/25/14;8:58:59 ;
Lift TCS 00;CS;CS05;M;3/25/14;8:16:32 ;
Lift TCS 00;CS;CS06;M;3/25/14;9:30:53 ;
Lift TCS 00;CS;CS06;M;3/25/14;9:30:55 ;
Lift TCS 00;CS;CS06;M;3/25/14;7:55:51 ;
Lift TCS 00;CS;CS06;M;3/25/14;9:48:29 ;
Lift TCS 00;BP;BP06;M;3/25/14;9:00:55 ;
Lift TCS 00;BP;BP06;M;3/25/14;9:00:59 ;
Lift TCS 00;BS;BS06;M;3/25/14;7:46:18 ;
Lift TCS 00;CP;CP02;M;3/25/14;8:31:59 ;
Lift TCS 00;CP;CP02;M;3/25/14;9:29:38 ;
Lift TCS 00;CP;CP03;M;3/25/14;9:08:28 ;
Lift TCS 00;CP;CP04;M;3/25/14;8:27:58 ;
Lift TCS 00;CP;CP04;M;3/25/14;8:38:41 ;
Lift TCS 00;CP;CP04;M;3/25/14;8:38:44 ;
Lift TCS 00;CP;CP04;M;3/25/14;8:51:26 ;
Lift TCS 00;CP;CP05;M;3/25/14;8:59:41 ;
Lift TCS 00;CP;CP05;M;3/25/14;6:51:43 ;
Lift TCS 00;CP;CP06;M;3/25/14;8:02:57 ;
Lift TCS 00;CP;CP06;M;3/25/14;9:41:57 ;
Lift TCS 00;CP;CP06;M;3/25/14;9:42:04 ;
Lift TCS 00;CS;CS02;M;3/25/14;8:49:15 ;
Lift TCS 00;CS;CS02;M;3/25/14;9:34:29 ;
Lift TCS 00;CS;CS03;M;3/25/14;9:29:58 ;
Lift TCS 00;CS;CS03;M;3/25/14;9:26:17 ;
Lift TCS 00;CS;CS03;M;3/25/14;8:54:24 ;
Lift TCS 00;CS;CS03;M;3/25/14;8:06:25 ;
Lift TCS 00;CS;CS03;M;3/25/14;8:35:30 ;
Lift TCS 00;CS;CS03;M;3/25/14;8:34:16 ;
Lift TCS 00;CS;CS04;M;3/25/14;7:30:29 ;
Lift TCS 00;CS;CS04;M;3/25/14;9:47:15 ;
Lift TCS 00;CS;CS04;M;3/25/14;9:29:13 ;
Lift TCS 00;CS;CS04;M;3/25/14;6:33:25 ;
Lift TCS 00;CS;CS04;M;3/25/14;7:36:09 ;
Lift TCS 00;CS;CS04;M;3/25/14;9:49:38 ;
Lift TCS 00;CS;CS04;M;3/25/14;8:15:54 ;
Lift TCS 00;CS;CS04;M;3/25/14;7:45:18 ;
Lift TCS 00;CS;CS05;M;3/25/14;7:16:58 ;
Lift TCS 00;CS;CS05;M;3/25/14;9:09:19 ;
Lift TCS 00;CS;CS05;M;3/25/14;7:59:22 ;
Lift TCS 00;CS;CS06;M;3/25/14;9:06:05 ;
Lift TCS 00;CS;CS06;M;3/25/14;9:03:44 ;
Lift TCS 00;CS;CS06;M;3/25/14;9:33:28 ;
Lift TCS 00;CS;CS06;M;3/25/14;9:33:29 ;
Lift TCS 00;CS;CS71;M;3/25/14;8:04:28 ;
Lift TCS 00;CS;CS02;M;3/25/14;9:27:46 ;
Lift TDM 00;DM;DM05;V;3/25/14;9:58:55 ;
Lift TDM 00;DM;DM03;V;3/25/14;8:23:23 ;
Lift TDM 00;DM;DM03;V;3/25/14;7:37:33 ;
Lift TDM 00;DM;DM03;V;3/25/14;7:37:43 ;
Lift TDM 00;DM;DM03;V;3/25/14;8:52:21 ;
Lift TDM 00;DM;DM03;V;3/25/14;8:33:31 ;
Lift TDM 00;DM;DM03;V;3/25/14;8:39:00 ;
Lift TDM 00;DM;DM03;V;3/25/14;8:40:30 ;
Lift TDM 00;DM;DM03;V;3/25/14;8:40:32 ;
Lift TDM 00;DM;DM03;V;3/25/14;8:31:36 ;
Lift TDM 00;DM;DM03;V;3/25/14;8:59:58 ;
Lift TDM 00;DM;DM03;V;3/25/14;7:28:25 ;
Lift TDM 00;DM;DM03;V;3/25/14;8:04:45 ;
Lift TDM 00;DM;DM04;V;3/25/14;6:59:34 ;
Lift TDM 00;DM;DM04;V;3/25/14;9:13:24 ;
Lift TDM 00;DM;DM04;V;3/25/14;7:16:41 ;
Lift TDM 00;DM;DM04;V;3/25/14;7:16:42 ;
Lift TDM 00;DM;DM04;V;3/25/14;7:16:44 ;
Lift TDM 00;DM;DM04;V;3/25/14;7:32:27 ;
Lift TDM 00;DM;DM04;V;3/25/14;6:55:09 ;
Lift TDM 00;DM;DM05;V;3/25/14;7:43:56 ;
Lift TDM 00;DM;DM05;V;3/25/14;7:51:29 ;
Lift TDM 00;DM;DM05;V;3/25/14;9:19:49 ;
Lift TDM 00;DM;DM05;V;3/25/14;8:02:54 ;
Lift TDM 00;DM;DM05;V;3/25/14;9:01:35 ;
Lift TDM 00;DM;DM05;V;3/25/14;9:08:44 ;
Lift TDM 00;DM;DM05;V;3/25/14;7:40:12 ;
Lift TDM 00;DM;DM06;V;3/25/14;9:21:12 ;
Lift TDM 00;DM;DM06;V;3/25/14;7:27:39 ;
Lift TDM 00;DM;DM06;V;3/25/14;7:41:28 ;
Lift TDM 00;DM;DM06;V;3/25/14;8:54:39 ;
Lift TDM 00;EP;EP05;V;3/25/14;7:09:59 ;
Lift TDM 00;EP;EP05;V;3/25/14;8:28:18 ;
Lift TDM 00;ES;ES06;V;3/25/14;7:18:03 ;
Lift TDM 00;ES;ES06;V;3/25/14;7:18:16 ;
Lift TDM 00;ES;ES06;V;3/25/14;7:18:17 ;
Lift TDM 00;ES;ES06;V;3/25/14;7:00:25 ;
Lift TDM 00;ES;ES06;V;3/25/14;7:49:14 ;
Lift TDM 00;ES;ES06;V;3/25/14;6:57:59 ;
Lift TDM 00;CP;CP04;V;3/25/14;9:43:44 ;
Lift TDM 00;ES;ES03;V;3/25/14;8:04:04 ;
Lift TDM 00;ES;ES03;V;3/25/14;9:10:42 ;
Lift TDM 00;ES;ES03;V;3/25/14;8:21:04 ;
Lift TDM 00;DM;DM06;M;3/25/14;9:14:18 ;
Lift TDM 00;DM;DM04;M;3/25/14;9:27:50 ;
Lift TDM 00;DM;DM04;M;3/25/14;9:48:28 ;
Lift TDM 00;DM;DM02;M;3/25/14;9:25:30 ;
Lift TDM 00;DM;DM02;M;3/25/14;8:36:22 ;
Lift TDM 00;DM;DM02;M;3/25/14;8:58:05 ;
Lift TDM 00;DM;DM03;M;3/25/14;7:54:30 ;
Lift TDM 00;DM;DM03;M;3/25/14;8:41:35 ;
Lift TDM 00;DM;DM03;M;3/25/14;8:41:38 ;
Lift TDM 00;DM;DM04;M;3/25/14;8:00:16 ;
Lift TDM 00;DM;DM04;M;3/25/14;8:00:18 ;
Lift TDM 00;DM;DM04;M;3/25/14;8:37:24 ;
Lift TDM 00;DM;DM04;M;3/25/14;9:14:43 ;
Lift TDM 00;DM;DM05;M;3/25/14;7:55:05 ;
Lift TDM 00;DM;DM05;M;3/25/14;9:55:48 ;
Lift TDM 00;DM;DM05;M;3/25/14;8:29:45 ;
Lift TDM 00;DM;DM05;M;3/25/14;7:50:18 ;
Lift TDM 00;DM;DM05;M;3/25/14;8:29:02 ;
Lift TDM 00;DM;DM05;M;3/25/14;7:34:58 ;
Lift TDM 00;DM;DM05;M;3/25/14;7:08:39 ;
Lift TDM 00;DM;DM05;M;3/25/14;8:16:53 ;
Lift TDM 00;DM;DM06;M;3/25/14;8:42:57 ;
Lift TDM 00;DM;DM06;M;3/25/14;8:53:43 ;
Lift TDM 00;DM;DM06;M;3/25/14;6:57:35 ;
Lift TDM 00;DM;DM06;M;3/25/14;9:04:05 ;
Lift TDM 00;DM;DM06;M;3/25/14;7:45:40 ;
Lift TDM 00;DM;DM06;M;3/25/14;7:39:56 ;
Lift TDM 00;DM;DM06;M;3/25/14;8:30:15 ;
Lift TDM 00;DM;DM06;M;3/25/14;8:49:11 ;
Lift TDM 00;EP;EP05;M;3/25/14;8:39:46 ;
Lift TDM 00;ES;ES02;M;3/25/14;7:26:18 ;
Lift TDM 00;ES;ES06;M;3/25/14;7:30:57 ;
Lift TDM 00;ES;ES06;M;3/25/14;8:16:09 ;
Lift TDM 00;ES;ES06;M;3/25/14;8:27:18 ;
Lift TDM 00;EP;EP03;M;3/25/14;9:32:45 ;
Lift TDM 00;EP;EP03;M;3/25/14;9:32:53 ;
Lift TDM 00;EP;EP04;M;3/25/14;8:34:35 ;
Lift TDM 00;EP;EP04;M;3/25/14;8:13:07 ;
Lift TDM 00;DM;DM02;M;3/25/14;7:15:19 ;
Lift TDM 00;DM;DM02;M;3/25/14;6:56:25 ;
Lift TDM 00;DM;DM02;M;3/25/14;7:34:22 ;
Lift TDM 00;DM;DM02;M;3/25/14;7:36:08 ;
Lift TDM 00;DM;DM02;M;3/25/14;8:26:26 ;
Lift TDM 00;DM;DM02;M;3/25/14;9:31:54 ;
Lift TDM 00;ES;ES02;M;3/25/14;8:58:59 ;
Lift TDM 00;ES;ES03;M;3/25/14;8:43:47 ;
Lift TDM 00;ES;ES03;M;3/25/14;9:52:58 ;
Lift TDM 00;ES;ES03;M;3/25/14;8:24:21 ;
Lift TDM 00;ES;ES03;M;3/25/14;8:24:23 ;
Lift TDM 00;ES;ES03;M;3/25/14;6:40:58 ;
Lift TBP 00;BP;BP03;V;3/26/14;7:03:51 ;
Lift TBP 00;BP;BP03;V;3/26/14;7:53:37 ;
Lift TBP 00;BP;BP03;V;3/26/14;7:43:50 ;
Lift TBP 00;BP;BP03;V;3/26/14;8:38:44 ;
Lift TBP 00;BP;BP03;V;3/26/14;8:21:07 ;
Lift TBP 00;BP;BP04;V;3/26/14;7:34:31 ;
Lift TBP 00;BP;BP04;V;3/26/14;7:45:22 ;
Lift TBP 00;BP;BP05;V;3/26/14;7:55:54 ;
Lift TBP 00;BP;BP05;V;3/26/14;7:23:19 ;
Lift TBP 00;BP;BP05;V;3/26/14;7:19:35 ;
Lift TBP 00;BP;BP05;V;3/26/14;8:33:37 ;
Lift TBP 00;BS;BS00;V;3/26/14;8:47:01 ;
Lift TBP 00;BS;BS00;V;3/26/14;9:05:50 ;
Lift TBP 00;BS;BS02;V;3/26/14;7:57:09 ;
Lift TBP 00;BS;BS02;V;3/26/14;7:57:10 ;
Lift TBP 00;BS;BS03;V;3/26/14;7:22:24 ;
Lift TBP 00;BS;BS06;V;3/26/14;8:00:15 ;
Lift TBP 00;BP;BP02;V;3/26/14;7:46:51 ;
Lift TBP 00;BP;BP02;V;3/26/14;7:52:24 ;
Lift TBP 00;BP;BP02;V;3/26/14;7:26:21 ;
Lift TBP 00;BP;BP02;V;3/26/14;7:48:38 ;
Lift TBP 00;BP;BP02;V;3/26/14;7:35:55 ;
Lift TBP 00;BP;BP04;V;3/26/14;8:02:47 ;
Lift TBP 00;BP;BP04;V;3/26/14;7:15:00 ;
Lift TBP 00;BP;BP04;V;3/26/14;8:47:13 ;
Lift TBP 00;BP;BP05;V;3/26/14;8:06:22 ;
Lift TBP 00;BS;BS02;V;3/26/14;7:33:06 ;
Lift TBP 00;BS;BS02;V;3/26/14;9:01:57 ;
Lift TBP 00;BS;BS02;V;3/26/14;8:43:39 ;
Lift TBP 00;BS;BS02;V;3/26/14;7:04:46 ;
Lift TBP 00;BS;BS02;V;3/26/14;6:49:14 ;
Lift TBP 00;BS;BS02;V;3/26/14;8:14:07 ;
Lift TBP 00;BS;BS03;V;3/26/14;8:53:41 ;
Lift TBP 00;BS;BS03;V;3/26/14;8:53:42 ;
Lift TBP 00;BS;BS03;V;3/26/14;7:32:32 ;
Lift TBP 00;BS;BS03;V;3/26/14;7:38:21 ;
Lift TBP 00;BS;BS03;V;3/26/14;7:38:23 ;
Lift TBP 00;BS;BS04;V;3/26/14;6:52:33 ;
Lift TBP 00;BS;BS04;V;3/26/14;7:41:04 ;
Lift TBP 00;BS;BS04;V;3/26/14;8:27:09 ;
Lift TBP 00;BS;BS04;V;3/26/14;7:24:51 ;
Lift TBP 00;BS;BS04;V;3/26/14;8:55:06 ;
Lift TBP 00;BS;BS04;V;3/26/14;8:55:12 ;
Lift TBP 00;BS;BS04;V;3/26/14;8:55:18 ;
Lift TBP 00;BS;BS04;V;3/26/14;7:54:19 ;
Lift TBP 00;BS;BS04;V;3/26/14;9:35:57 ;
Lift TBP 00;BS;BS04;V;3/26/14;6:52:05 ;
Lift TBP 00;BS;BS04;V;3/26/14;8:20:00 ;
Lift TBP 00;BS;BS04;V;3/26/14;8:20:02 ;
Lift TBP 00;BS;BS04;V;3/26/14;8:20:03 ;
Lift TBP 00;BS;BS04;V;3/26/14;7:50:17 ;
Lift TBP 00;BS;BS06;V;3/26/14;7:25:41 ;
Lift TBP 00;BS;BS06;V;3/26/14;8:08:57 ;
Lift TBP 00;BS;BS06;V;3/26/14;8:28:43 ;
Lift TBP 00;BS;BS06;V;3/26/14;7:16:46 ;
Lift TBP 00;CS;CS01;V;3/26/14;6:56:44 ;
Lift TBP 00;CS;CS03;V;3/26/14;8:50:42 ;
Lift TBP 00;CS;CS04;V;3/26/14;8:01:02 ;
Lift TBP 00;CS;CS04;V;3/26/14;9:17:26 ;
Lift TBP 00;CS;CS04;V;3/26/14;9:17:28 ;
Lift TBP 00;CS;CS04;V;3/26/14;7:47:36 ;
Lift TBP 00;BP;BP02;V;3/26/14;8:32:18 ;
Lift TBP 00;BS;BS02;V;3/26/14;8:22:52 ;
Lift TBP 00;BS;BS02;V;3/26/14;8:10:50 ;
Lift TBP 00;BS;BS02;V;3/26/14;6:53:12 ;
Lift TBP 00;BP;BP05;M;3/26/14;6:40:39 ;
Lift TBP 00;BP;BP05;M;3/26/14;8:18:42 ;
Lift TBP 00;BP;BP05;M;3/26/14;9:34:09 ;
Lift TBP 00;BP;BP05;M;3/26/14;8:05:55 ;
Lift TBP 00;BP;BP05;M;3/26/14;8:05:56 ;
Lift TBP 00;BP;BP05;M;3/26/14;8:11:32 ;
Lift TBP 00;BP;BP05;M;3/26/14;9:26:19 ;
Lift TBP 00;BP;BP06;M;3/26/14;7:23:52 ;
Lift TBP 00;BS;BS05;M;3/26/14;7:02:05 ;
Lift TBP 00;BS;BS05;M;3/26/14;8:31:12 ;
Lift TBP 00;BS;BS05;M;3/26/14;9:12:14 ;
Lift TBP 00;CP;CP02;M;3/26/14;7:09:26 ;
Lift TBP 00;CS;CS05;M;3/26/14;8:15:35 ;
Lift TBP 00;CS;CS05;M;3/26/14;7:08:36 ;
Lift TBP 00;CS;CS05;M;3/26/14;8:30:16 ;
Lift TBP 00;CS;CS05;M;3/26/14;9:41:05 ;
Lift TBP 00;BP;BP02;M;3/26/14;9:02:43 ;
Lift TBP 00;BP;BP02;M;3/26/14;9:47:03 ;
Lift TBP 00;BP;BP02;M;3/26/14;6:58:19 ;
Lift TBP 00;BP;BP03;M;3/26/14;8:57:09 ;
Lift TBP 00;BP;BP04;M;3/26/14;8:32:57 ;
Lift TBP 00;BS;BS03;M;3/26/14;9:56:51 ;
Lift TBP 00;BS;BS03;M;3/26/14;9:56:54 ;
Lift TBP 00;BS;BS04;M;3/26/14;8:50:15 ;
Lift TBP 00;BS;BS04;M;3/26/14;7:37:03 ;
Lift TBP 00;BS;BS06;M;3/26/14;8:04:18 ;
Lift TBP 00;BS;BS06;M;3/26/14;6:35:49 ;
Lift TBP 00;CS;CS02;M;3/26/14;8:16:36 ;
Lift TBP 00;CS;CS71;M;3/26/14;8:54:12 ;
Lift TBP 00;CS;CS71;M;3/26/14;8:54:48 ;
Lift TBP 00;BS;BS02;M;3/26/14;7:18:23 ;
Lift TBS 00;BP;BP03;V;3/26/14;7:34:25 ;
Lift TBS 00;BP;BP05;V;3/26/14;9:08:29 ;
Lift TBS 00;BP;BP05;V;3/26/14;9:08:31 ;
Lift TBS 00;BS;BS00;V;3/26/14;9:07:10 ;
Lift TBS 00;BS;BS02;V;3/26/14;9:17:54 ;
Lift TBS 00;BS;BS04;V;3/26/14;8:54:16 ;
Lift TBS 00;BS;BS05;V;3/26/14;8:37:35 ;
Lift TBS 00;BS;BS06;V;3/26/14;8:01:13 ;
Lift TBS 00;BS;BS06;V;3/26/14;9:04:35 ;
Lift TBS 00;BS;BS02;V;3/26/14;7:37:46 ;
Lift TBS 00;BS;BS02;V;3/26/14;8:02:05 ;
Lift TBS 00;BS;BS02;V;3/26/14;8:24:08 ;
Lift TBS 00;BS;BS04;V;3/26/14;7:05:22 ;
Lift TBS 00;BS;BS06;V;3/26/14;7:28:13 ;
Lift TBS 00;BS;BS06;V;3/26/14;6:53:09 ;
Lift TBS 00;BS;BS06;V;3/26/14;7:07:14 ;
Lift TBS 00;BS;BS06;V;3/26/14;8:21:01 ;
Lift TBS 00;BS;BS06;V;3/26/14;7:41:08 ;
Lift TBS 00;BP;BP03;V;3/26/14;7:26:51 ;
Lift TBS 00;BP;BP02;M;3/26/14;8:05:30 ;
Lift TBS 00;BP;BP03;M;3/26/14;8:53:26 ;
Lift TBS 00;BS;BS02;M;3/26/14;7:54:55 ;
Lift TBS 00;BS;BS02;M;3/26/14;8:59:32 ;
Lift TBS 00;BS;BS03;M;3/26/14;7:31:52 ;
Lift TBS 00;BS;BS04;M;3/26/14;9:03:03 ;
Lift TBS 00;BS;BS04;M;3/26/14;7:49:25 ;
Lift TBS 00;BS;BS04;M;3/26/14;9:42:16 ;
Lift TBS 00;BS;BS05;M;3/26/14;8:29:46 ;
Lift TBS 00;BS;BS06;M;3/26/14;8:40:01 ;
Lift TBS 00;BS;BS06;M;3/26/14;7:43:46 ;
Lift TBS 00;BS;BS06;M;3/26/14;8:30:50 ;
Lift TBS 00;BS;BS06;M;3/26/14;9:13:27 ;
Lift TBS 00;CP;CP03;M;3/26/14;9:02:13 ;
Lift TBS 00;CS;CS05;M;3/26/14;9:03:55 ;
Lift TBS 00;BP;BP03;M;3/26/14;8:32:10 ;
Lift TBS 00;BS;BS02;M;3/26/14;9:23:17 ;
Lift TBS 00;BS;BS03;M;3/26/14;7:55:32 ;
Lift TBS 00;BS;BS04;M;3/26/14;8:28:57 ;
Lift TBS 00;BS;BS06;M;3/26/14;8:03:40 ;
Lift TBS 00;BS;BS06;M;3/26/14;6:35:09 ;
Lift TBS 00;BS;BS06;M;3/26/14;9:01:07 ;
Lift TBS 00;BS;BS06;M;3/26/14;9:12:05 ;
Lift TBS 00;BS;BS06;M;3/26/14;9:12:15 ;
Lift TBS 00;BP;BP03;M;3/26/14;8:33:12 ;
Lift TCP 00;BP;BP05;V;3/26/14;6:53:48 ;
Lift TCP 00;CP;CP02;V;3/26/14;7:18:46 ;
Lift TCP 00;CP;CP03;V;3/26/14;9:25:37 ;
Lift TCP 00;CP;CP03;V;3/26/14;6:53:10 ;
Lift TCP 00;CP;CP03;V;3/26/14;8:14:13 ;
Lift TCP 00;CP;CP03;V;3/26/14;8:14:15 ;
Lift TCP 00;CP;CP03;V;3/26/14;8:14:16 ;
Lift TCP 00;CP;CP05;V;3/26/14;9:11:19 ;
Lift TCP 00;CP;CP05;V;3/26/14;8:48:22 ;
Lift TCP 00;CS;CS03;V;3/26/14;8:46:40 ;
Lift TCP 00;CS;CS04;V;3/26/14;7:31:11 ;
Lift TCP 00;BP;BP03;V;3/26/14;8:03:59 ;
Lift TCP 00;BP;BP03;V;3/26/14;7:42:09 ;
Lift TCP 00;BS;BS03;V;3/26/14;7:00:52 ;
Lift TCP 00;BS;BS03;V;3/26/14;7:53:07 ;
Lift TCP 00;BS;BS06;V;3/26/14;8:05:59 ;
Lift TCP 00;CP;CP02;V;3/26/14;9:55:23 ;
Lift TCP 00;CP;CP03;V;3/26/14;6:55:01 ;
Lift TCP 00;CP;CP04;V;3/26/14;8:28:59 ;
Lift TCP 00;CP;CP05;V;3/26/14;8:27:26 ;
Lift TCP 00;CP;CP06;V;3/26/14;7:43:38 ;
Lift TCP 00;CP;CP06;V;3/26/14;7:49:08 ;
Lift TCP 00;CS;CS05;V;3/26/14;7:51:53 ;
Lift TCP 00;BP;BP02;M;3/26/14;7:35:19 ;
Lift TCP 00;BP;BP05;M;3/26/14;8:23:02 ;
Lift TCP 00;CP;CP03;M;3/26/14;8:08:49 ;
Lift TCP 00;CP;CP03;M;3/26/14;9:48:48 ;
Lift TCP 00;CP;CP03;M;3/26/14;7:41:21 ;
Lift TCP 00;CP;CP04;M;3/26/14;8:43:35 ;
Lift TCP 00;CP;CP04;M;3/26/14;7:29:23 ;
Lift TCP 00;CP;CP04;M;3/26/14;7:50:34 ;
Lift TCP 00;CP;CP04;M;3/26/14;7:23:25 ;
Lift TCP 00;CP;CP05;M;3/26/14;8:51:18 ;
Lift TCP 00;CP;CP06;M;3/26/14;7:44:09 ;
Lift TCP 00;CS;CS02;M;3/26/14;8:09:36 ;
Lift TCP 00;CS;CS02;M;3/26/14;8:10:01 ;
Lift TCP 00;CS;CS05;M;3/26/14;9:58:30 ;
Lift TCP 00;CS;CS05;M;3/26/14;9:54:38 ;
Lift TCP 00;EP;EP05;M;3/26/14;8:00:16 ;
Lift TCP 00;BP;BP03;M;3/26/14;8:32:09 ;
Lift TCP 00;BP;BP03;M;3/26/14;8:13:09 ;
Lift TCP 00;CP;CP02;M;3/26/14;8:06:37 ;
Lift TCP 00;CP;CP04;M;3/26/14;7:47:26 ;
Lift TCP 00;CP;CP04;M;3/26/14;9:03:39 ;
Lift TCP 00;CP;CP04;M;3/26/14;9:01:09 ;
Lift TCP 00;CP;CP04;M;3/26/14;7:23:50 ;
Lift TCP 00;CP;CP05;M;3/26/14;7:22:41 ;
Lift TCP 00;CP;CP05;M;3/26/14;7:22:43 ;
Lift TCP 00;CS;CS02;M;3/26/14;8:02:17 ;
Lift TCP 00;CS;CS03;M;3/26/14;8:42:42 ;
Lift TCP 00;CS;CS04;M;3/26/14;6:59:57 ;
Lift TCP 00;CS;CS06;M;3/26/14;8:16:59 ;
Lift TCP 00;EP;EP03;M;3/26/14;9:36:16 ;
Lift TCS 00;BS;BS06;V;3/26/14;7:54:31 ;
Lift TCS 00;BS;BS06;V;3/26/14;7:54:34 ;
Lift TCS 00;CP;CP03;V;3/26/14;7:49:42 ;
Lift TCS 00;CP;CP03;V;3/26/14;8:04:25 ;
Lift TCS 00;CP;CP03;V;3/26/14;9:35:22 ;
Lift TCS 00;CP;CP03;V;3/26/14;8:01:31 ;
Lift TCS 00;CP;CP03;V;3/26/14;8:25:02 ;
Lift TCS 00;CP;CP05;V;3/26/14;8:32:27 ;
Lift TCS 00;CP;CP05;V;3/26/14;8:32:38 ;
Lift TCS 00;CP;CP05;V;3/26/14;7:07:19 ;
Lift TCS 00;CP;CP05;V;3/26/14;9:04:17 ;
Lift TCS 00;CP;CP05;V;3/26/14;9:18:04 ;
Lift TCS 00;CP;CP06;V;3/26/14;6:41:53 ;
Lift TCS 00;CP;CP06;V;3/26/14;6:41:54 ;
Lift TCS 00;CS;CS02;V;3/26/14;8:28:01 ;
Lift TCS 00;CS;CS02;V;3/26/14;9:27:23 ;
Lift TCS 00;CS;CS03;V;3/26/14;9:23:38 ;
Lift TCS 00;CS;CS04;V;3/26/14;9:39:32 ;
Lift TCS 00;CS;CS04;V;3/26/14;7:40:35 ;
Lift TCS 00;CS;CS04;V;3/26/14;8:29:00 ;
Lift TCS 00;CS;CS05;V;3/26/14;8:13:42 ;
Lift TCS 00;CS;CS05;V;3/26/14;8:31:04 ;
Lift TCS 00;CS;CS05;V;3/26/14;8:58:43 ;
Lift TCS 00;CS;CS05;V;3/26/14;7:32:20 ;
Lift TCS 00;CS;CS06;V;3/26/14;8:46:25 ;
Lift TCS 00;BP;BP03;V;3/26/14;6:48:10 ;
Lift TCS 00;BS;BS04;V;3/26/14;8:59:27 ;
Lift TCS 00;BS;BS04;V;3/26/14;7:46:29 ;
Lift TCS 00;CP;CP02;V;3/26/14;8:17:47 ;
Lift TCS 00;CP;CP02;V;3/26/14;8:17:49 ;
Lift TCS 00;CP;CP02;V;3/26/14;7:51:15 ;
Lift TCS 00;CP;CP02;V;3/26/14;7:51:16 ;
Lift TCS 00;CP;CP02;V;3/26/14;9:09:42 ;
Lift TCS 00;CP;CP02;V;3/26/14;8:36:11 ;
Lift TCS 00;CP;CP04;V;3/26/14;6:44:33 ;
Lift TCS 00;CP;CP04;V;3/26/14;6:58:03 ;
Lift TCS 00;CP;CP05;V;3/26/14;6:51:52 ;
Lift TCS 00;CP;CP05;V;3/26/14;8:07:39 ;
Lift TCS 00;CP;CP05;V;3/26/14;8:53:11 ;
Lift TCS 00;CP;CP06;V;3/26/14;9:36:52 ;
Lift TCS 00;CS;CS02;V;3/26/14;7:02:07 ;
Lift TCS 00;CS;CS02;V;3/26/14;7:32:57 ;
Lift TCS 00;CS;CS02;V;3/26/14;8:20:33 ;
Lift TCS 00;CS;CS03;V;3/26/14;7:26:39 ;
Lift TCS 00;CS;CS03;V;3/26/14;6:41:03 ;
Lift TCS 00;CS;CS03;V;3/26/14;6:41:04 ;
Lift TCS 00;CS;CS03;V;3/26/14;7:58:26 ;
Lift TCS 00;CS;CS03;V;3/26/14;8:22:42 ;
Lift TCS 00;CS;CS03;V;3/26/14;6:27:30 ;
Lift TCS 00;CS;CS03;V;3/26/14;7:52:02 ;
Lift TCS 00;CS;CS03;V;3/26/14;7:52:07 ;
Lift TCS 00;CS;CS04;V;3/26/14;7:55:07 ;
Lift TCS 00;CS;CS04;V;3/26/14;8:10:13 ;
Lift TCS 00;CS;CS04;V;3/26/14;7:59:43 ;
Lift TCS 00;CS;CS04;V;3/26/14;8:34:35 ;
Lift TCS 00;CS;CS04;V;3/26/14;7:36:58 ;
Lift TCS 00;CS;CS04;V;3/26/14;7:52:57 ;
Lift TCS 00;CS;CS04;V;3/26/14;6:24:02 ;
Lift TCS 00;CS;CS04;V;3/26/14;8:35:28 ;
Lift TCS 00;CS;CS04;V;3/26/14;6:32:40 ;
Lift TCS 00;CS;CS04;V;3/26/14;6:32:43 ;
Lift TCS 00;CS;CS04;V;3/26/14;7:39:37 ;
Lift TCS 00;CS;CS04;V;3/26/14;7:40:29 ;
Lift TCS 00;CS;CS04;V;3/26/14;8:56:37 ;
Lift TCS 00;CS;CS04;V;3/26/14;8:51:27 ;
Lift TCS 00;CS;CS04;V;3/26/14;8:51:34 ;
Lift TCS 00;CS;CS04;V;3/26/14;9:24:42 ;
Lift TCS 00;CS;CS04;V;3/26/14;9:07:35 ;
Lift TCS 00;CS;CS05;V;3/26/14;7:21:08 ;
Lift TCS 00;CS;CS05;V;3/26/14;8:12:06 ;
Lift TCS 00;CS;CS05;V;3/26/14;9:34:21 ;
Lift TCS 00;CS;CS05;V;3/26/14;7:53:22 ;
Lift TCS 00;CS;CS05;V;3/26/14;8:39:24 ;
Lift TCS 00;CS;CS05;V;3/26/14;8:39:26 ;
Lift TCS 00;CS;CS05;V;3/26/14;7:08:14 ;
Lift TCS 00;CS;CS05;V;3/26/14;6:36:21 ;
Lift TCS 00;CS;CS06;V;3/26/14;8:42:09 ;
Lift TCS 00;CS;CS06;V;3/26/14;7:50:24 ;
Lift TCS 00;BP;BP05;M;3/26/14;6:50:45 ;
Lift TCS 00;BS;BS03;M;3/26/14;7:57:01 ;
Lift TCS 00;CP;CP02;M;3/26/14;9:12:08 ;
Lift TCS 00;CP;CP03;M;3/26/14;6:46:15 ;
Lift TCS 00;CP;CP05;M;3/26/14;7:15:04 ;
Lift TCS 00;CS;CS03;M;3/26/14;9:18:49 ;
Lift TCS 00;CS;CS03;M;3/26/14;8:00:28 ;
Lift TCS 00;CS;CS03;M;3/26/14;8:00:31 ;
Lift TCS 00;CS;CS05;M;3/26/14;9:46:54 ;
Lift TCS 00;CS;CS05;M;3/26/14;9:17:27 ;
Lift TCS 00;CS;CS06;M;3/26/14;8:37:44 ;
Lift TCS 00;CS;CS05;M;3/26/14;8:48:54 ;
Lift TCS 00;CS;CS05;M;3/26/14;8:55:05 ;
Lift TCS 00;CS;CS05;M;3/26/14;7:12:43 ;
Lift TCS 00;CS;CS05;M;3/26/14;7:12:45 ;
Lift TCS 00;CS;CS06;M;3/26/14;9:38:51 ;
Lift TCS 00;CS;CS06;M;3/26/14;9:38:52 ;
Lift TCS 00;CS;CS06;M;3/26/14;8:17:27 ;
Lift TCS 00;CS;CS06;M;3/26/14;8:14:20 ;
Lift TCS 00;CS;CS06;M;3/26/14;8:14:21 ;
Lift TCS 00;CS;CS06;M;3/26/14;9:08:14 ;
Lift TCS 00;BP;BP06;M;3/26/14;8:24:26 ;
Lift TCS 00;BS;BS06;M;3/26/14;8:30:11 ;
Lift TCS 00;CP;CP02;M;3/26/14;7:40:57 ;
Lift TCS 00;CP;CP03;M;3/26/14;6:55:12 ;
Lift TCS 00;CP;CP04;M;3/26/14;9:01:57 ;
Lift TCS 00;CP;CP04;M;3/26/14;9:01:59 ;
Lift TCS 00;CP;CP04;M;3/26/14;9:03:09 ;
Lift TCS 00;CP;CP04;M;3/26/14;7:00:00 ;
Lift TCS 00;CP;CP05;M;3/26/14;7:27:20 ;
Lift TCS 00;CP;CP05;M;3/26/14;8:26:19 ;
Lift TCS 00;CP;CP05;M;3/26/14;7:31:47 ;
Lift TCS 00;CP;CP05;M;3/26/14;7:48:02 ;
Lift TCS 00;CP;CP05;M;3/26/14;7:48:03 ;
Lift TCS 00;CP;CP05;M;3/26/14;6:53:24 ;
Lift TCS 00;CP;CP06;M;3/26/14;8:12:41 ;
Lift TCS 00;CP;CP06;M;3/26/14;9:19:54 ;
Lift TCS 00;CS;CS03;M;3/26/14;6:52:29 ;
Lift TCS 00;CS;CS03;M;3/26/14;8:40:16 ;
Lift TCS 00;CS;CS03;M;3/26/14;7:03:25 ;
Lift TCS 00;CS;CS03;M;3/26/14;9:14:39 ;
Lift TCS 00;CS;CS03;M;3/26/14;8:08:56 ;
Lift TCS 00;CS;CS03;M;3/26/14;7:28:45 ;
Lift TCS 00;CS;CS03;M;3/26/14;7:28:49 ;
Lift TCS 00;CS;CS04;M;3/26/14;7:10:01 ;
Lift TCS 00;CS;CS04;M;3/26/14;7:24:42 ;
Lift TCS 00;CS;CS04;M;3/26/14;9:32:58 ;
Lift TCS 00;CS;CS04;M;3/26/14;6:33:53 ;
Lift TCS 00;CS;CS04;M;3/26/14;7:33:31 ;
Lift TCS 00;CS;CS04;M;3/26/14;9:29:53 ;
Lift TCS 00;CS;CS04;M;3/26/14;9:57:04 ;
Lift TCS 00;CS;CS04;M;3/26/14;8:06:44 ;
Lift TCS 00;CS;CS04;M;3/26/14;7:34:57 ;
Lift TCS 00;CS;CS04;M;3/26/14;9:58:48 ;
Lift TCS 00;CS;CS04;M;3/26/14;8:48:21 ;
Lift TCS 00;CS;CS04;M;3/26/14;9:08:51 ;
Lift TCS 00;CS;CS04;M;3/26/14;8:37:01 ;
Lift TCS 00;CS;CS05;M;3/26/14;7:00:52 ;
Lift TCS 00;CS;CS05;M;3/26/14;9:11:13 ;
Lift TCS 00;CS;CS05;M;3/26/14;7:42:22 ;
Lift TCS 00;CS;CS06;M;3/26/14;8:18:36 ;
Lift TCS 00;CS;CS06;M;3/26/14;8:50:47 ;
Lift TCS 00;CS;CS06;M;3/26/14;8:19:45 ;
Lift TDM 00;DM;DM05;V;3/26/14;9:28:54 ;
Lift TDM 00;DM;DM03;V;3/26/14;9:01:29 ;
Lift TDM 00;DM;DM03;V;3/26/14;9:01:34 ;
Lift TDM 00;DM;DM03;V;3/26/14;8:34:05 ;
Lift TDM 00;DM;DM03;V;3/26/14;8:37:08 ;
Lift TDM 00;DM;DM03;V;3/26/14;9:17:55 ;
Lift TDM 00;DM;DM03;V;3/26/14;9:43:29 ;
Lift TDM 00;DM;DM03;V;3/26/14;7:43:31 ;
Lift TDM 00;DM;DM03;V;3/26/14;7:41:37 ;
Lift TDM 00;DM;DM03;V;3/26/14;8:32:22 ;
Lift TDM 00;DM;DM03;V;3/26/14;8:28:42 ;
Lift TDM 00;DM;DM03;V;3/26/14;8:29:06 ;
Lift TDM 00;DM;DM03;V;3/26/14;8:08:03 ;
Lift TDM 00;DM;DM03;V;3/26/14;7:54:21 ;
Lift TDM 00;DM;DM04;V;3/26/14;8:55:36 ;
Lift TDM 00;DM;DM04;V;3/26/14;6:51:11 ;
Lift TDM 00;DM;DM05;V;3/26/14;8:52:23 ;
Lift TDM 00;DM;DM05;V;3/26/14;7:44:03 ;
Lift TDM 00;DM;DM05;V;3/26/14;8:04:10 ;
Lift TDM 00;DM;DM05;V;3/26/14;9:53:17 ;
Lift TDM 00;DM;DM05;V;3/26/14;8:11:46 ;
Lift TDM 00;DM;DM05;V;3/26/14;8:11:50 ;
Lift TDM 00;DM;DM05;V;3/26/14;8:35:08 ;
Lift TDM 00;DM;DM05;V;3/26/14;7:13:28 ;
Lift TDM 00;DM;DM05;V;3/26/14;7:47:00 ;
Lift TDM 00;DM;DM06;V;3/26/14;9:33:05 ;
Lift TDM 00;ES;ES06;V;3/26/14;7:10:11 ;
Lift TDM 00;ES;ES06;V;3/26/14;7:10:13 ;
Lift TDM 00;ES;ES06;V;3/26/14;9:42:51 ;
Lift TDM 00;ES;ES06;V;3/26/14;6:55:27 ;
Lift TDM 00;ES;ES06;V;3/26/14;7:40:39 ;
Lift TDM 00;ES;ES03;V;3/26/14;7:56:46 ;
Lift TDM 00;ES;ES03;V;3/26/14;8:34:35 ;
Lift TDM 00;DM;DM05;M;3/26/14;7:59:37 ;
Lift TDM 00;DM;DM02;M;3/26/14;9:06:03 ;
Lift TDM 00;DM;DM02;M;3/26/14;7:27:02 ;
Lift TDM 00;DM;DM02;M;3/26/14;7:33:04 ;
Lift TDM 00;DM;DM03;M;3/26/14;7:52:50 ;
Lift TDM 00;DM;DM03;M;3/26/14;8:41:25 ;
Lift TDM 00;DM;DM03;M;3/26/14;8:24:49 ;
Lift TDM 00;DM;DM03;M;3/26/14;8:24:51 ;
Lift TDM 00;DM;DM04;M;3/26/14;8:44:03 ;
Lift TDM 00;DM;DM04;M;3/26/14;6:57:07 ;
Lift TDM 00;DM;DM04;M;3/26/14;6:57:08 ;
Lift TDM 00;DM;DM04;M;3/26/14;8:17:34 ;
Lift TDM 00;DM;DM04;M;3/26/14;8:17:36 ;
Lift TDM 00;DM;DM04;M;3/26/14;9:35:47 ;
Lift TDM 00;DM;DM04;M;3/26/14;9:35:48 ;
Lift TDM 00;DM;DM04;M;3/26/14;7:14:30 ;
Lift TDM 00;DM;DM04;M;3/26/14;9:45:19 ;
Lift TDM 00;DM;DM04;M;3/26/14;7:28:07 ;
Lift TDM 00;DM;DM04;M;3/26/14;8:08:41 ;
Lift TDM 00;DM;DM05;M;3/26/14;7:39:49 ;
Lift TDM 00;DM;DM05;M;3/26/14;9:34:57 ;
Lift TDM 00;DM;DM05;M;3/26/14;8:47:02 ;
Lift TDM 00;DM;DM05;M;3/26/14;8:31:38 ;
Lift TDM 00;DM;DM05;M;3/26/14;7:38:27 ;
Lift TDM 00;DM;DM05;M;3/26/14;7:16:48 ;
Lift TDM 00;DM;DM05;M;3/26/14;9:26:21 ;
Lift TDM 00;DM;DM05;M;3/26/14;7:07:33 ;
Lift TDM 00;DM;DM05;M;3/26/14;8:23:35 ;
Lift TDM 00;DM;DM06;M;3/26/14;8:42:43 ;
Lift TDM 00;DM;DM06;M;3/26/14;7:32:19 ;
Lift TDM 00;DM;DM06;M;3/26/14;6:48:40 ;
Lift TDM 00;DM;DM06;M;3/26/14;7:37:28 ;
Lift TDM 00;DM;DM06;M;3/26/14;9:40:51 ;
Lift TDM 00;DM;DM06;M;3/26/14;8:05:00 ;
Lift TDM 00;DM;DM06;M;3/26/14;8:12:25 ;
Lift TDM 00;EP;EP05;M;3/26/14;7:12:50 ;
Lift TDM 00;EP;EP05;M;3/26/14;8:42:07 ;
Lift TDM 00;EP;EP05;M;3/26/14;8:31:02 ;
Lift TDM 00;ES;ES02;M;3/26/14;7:25:26 ;
Lift TDM 00;ES;ES06;M;3/26/14;7:39:03 ;
Lift TDM 00;ES;ES06;M;3/26/14;9:39:50 ;
Lift TDM 00;ES;ES06;M;3/26/14;9:09:31 ;
Lift TDM 00;ES;ES06;M;3/26/14;8:57:41 ;
Lift TDM 00;EP;EP04;M;3/26/14;8:59:12 ;
Lift TDM 00;EP;EP04;M;3/26/14;8:29:42 ;
Lift TDM 00;DM;DM02;M;3/26/14;7:51:37 ;
Lift TDM 00;DM;DM02;M;3/26/14;9:13:47 ;
Lift TDM 00;DM;DM02;M;3/26/14;9:13:48 ;
Lift TDM 00;DM;DM02;M;3/26/14;8:02:36 ;
Lift TDM 00;DM;DM02;M;3/26/14;9:04:10 ;
Lift TDM 00;DM;DM02;M;3/26/14;9:32:33 ;
Lift TDM 00;DM;DM02;M;3/26/14;7:48:03 ;
Lift TDM 00;DM;DM02;M;3/26/14;8:10:39 ;
Lift TDM 00;DM;DM02;M;3/26/14;9:39:30 ;
Lift TDM 00;ES;ES02;M;3/26/14;9:00:35 ;
Lift TDM 00;ES;ES03;M;3/26/14;8:40:56 ;
Lift TDM 00;ES;ES03;M;3/26/14;8:46:25 ;
Lift TDM 00;ES;ES03;M;3/26/14;8:46:30 ;
Lift TBP 00;BP;BP02;V;3/27/14;9:23:10 ;
Lift TBP 00;BP;BP02;V;3/27/14;9:00:18 ;
Lift TBP 00;BP;BP03;V;3/27/14;8:13:37 ;
Lift TBP 00;BP;BP03;V;3/27/14;8:56:16 ;
Lift TBP 00;BP;BP04;V;3/27/14;7:44:10 ;
Lift TBP 00;BP;BP04;V;3/27/14;8:51:50 ;
Lift TBP 00;BP;BP04;V;3/27/14;9:02:37 ;
Lift TBP 00;BP;BP04;V;3/27/14;6:57:25 ;
Lift TBP 00;BP;BP05;V;3/27/14;6:53:31 ;
Lift TBP 00;BP;BP05;V;3/27/14;7:03:15 ;
Lift TBP 00;BS;BS00;V;3/27/14;7:28:20 ;
Lift TBP 00;BS;BS02;V;3/27/14;7:25:39 ;
Lift TBP 00;BS;BS02;V;3/27/14;7:25:41 ;
Lift TBP 00;BS;BS02;V;3/27/14;7:45:44 ;
Lift TBP 00;BS;BS02;V;3/27/14;7:45:46 ;
Lift TBP 00;BS;BS03;V;3/27/14;7:24:24 ;
Lift TBP 00;BS;BS06;V;3/27/14;8:00:07 ;
Lift TBP 00;CP;CP02;V;3/27/14;8:52:38 ;
Lift TBP 00;CS;CS03;V;3/27/14;8:30:33 ;
Lift TBP 00;BP;BP02;V;3/27/14;7:39:09 ;
Lift TBP 00;BP;BP02;V;3/27/14;7:03:59 ;
Lift TBP 00;BP;BP02;V;3/27/14;7:46:59 ;
Lift TBP 00;BP;BP02;V;3/27/14;8:12:43 ;
Lift TBP 00;BP;BP02;V;3/27/14;8:44:44 ;
Lift TBP 00;BP;BP02;V;3/27/14;7:36:59 ;
Lift TBP 00;BP;BP02;V;3/27/14;9:29:09 ;
Lift TBP 00;BP;BP02;V;3/27/14;9:45:12 ;
Lift TBP 00;BP;BP04;V;3/27/14;7:54:12 ;
Lift TBP 00;BP;BP04;V;3/27/14;8:21:55 ;
Lift TBP 00;BP;BP06;V;3/27/14;7:51:30 ;
Lift TBP 00;BS;BS02;V;3/27/14;8:17:24 ;
Lift TBP 00;BS;BS02;V;3/27/14;7:40:50 ;
Lift TBP 00;BS;BS02;V;3/27/14;9:05:51 ;
Lift TBP 00;BS;BS02;V;3/27/14;7:04:50 ;
Lift TBP 00;BS;BS02;V;3/27/14;7:21:11 ;
Lift TBP 00;BS;BS03;V;3/27/14;6:46:01 ;
Lift TBP 00;BS;BS03;V;3/27/14;8:00:55 ;
Lift TBP 00;BS;BS03;V;3/27/14;7:18:02 ;
Lift TBP 00;BS;BS03;V;3/27/14;7:18:03 ;
Lift TBP 00;BS;BS03;V;3/27/14;7:35:48 ;
Lift TBP 00;BS;BS03;V;3/27/14;9:28:24 ;
Lift TBP 00;BS;BS04;V;3/27/14;9:34:13 ;
Lift TBP 00;BS;BS04;V;3/27/14;8:34:16 ;
Lift TBP 00;BS;BS04;V;3/27/14;7:33:59 ;
Lift TBP 00;BS;BS04;V;3/27/14;7:01:37 ;
Lift TBP 00;BS;BS04;V;3/27/14;9:18:56 ;
Lift TBP 00;BS;BS04;V;3/27/14;8:56:52 ;
Lift TBP 00;BS;BS04;V;3/27/14;7:33:09 ;
Lift TBP 00;BS;BS04;V;3/27/14;8:33:32 ;
Lift TBP 00;BS;BS04;V;3/27/14;7:28:04 ;
Lift TBP 00;BS;BS06;V;3/27/14;8:43:05 ;
Lift TBP 00;BS;BS06;V;3/27/14;7:49:43 ;
Lift TBP 00;CS;CS01;V;3/27/14;7:35:12 ;
Lift TBP 00;CS;CS02;V;3/27/14;8:49:03 ;
Lift TBP 00;CS;CS02;V;3/27/14;8:49:06 ;
Lift TBP 00;CS;CS02;V;3/27/14;8:49:09 ;
Lift TBP 00;CS;CS03;V;3/27/14;6:31:18 ;
Lift TBP 00;CS;CS03;V;3/27/14;8:20:31 ;
Lift TBP 00;CS;CS03;V;3/27/14;6:55:58 ;
Lift TBP 00;CS;CS03;V;3/27/14;8:55:19 ;
Lift TBP 00;CS;CS03;V;3/27/14;8:29:39 ;
Lift TBP 00;CS;CS04;V;3/27/14;9:09:57 ;
Lift TBP 00;BP;BP02;V;3/27/14;8:45:33 ;
Lift TBP 00;BS;BS02;V;3/27/14;8:10:14 ;
Lift TBP 00;BS;BS02;V;3/27/14;6:44:47 ;
Lift TBP 00;BS;BS02;V;3/27/14;8:16:45 ;
Lift TBP 00;BP;BP02;M;3/27/14;8:21:16 ;
Lift TBP 00;BP;BP02;M;3/27/14;8:21:18 ;
Lift TBP 00;BP;BP03;M;3/27/14;7:28:51 ;
Lift TBP 00;BP;BP04;M;3/27/14;8:38:46 ;
Lift TBP 00;BP;BP04;M;3/27/14;8:19:19 ;
Lift TBP 00;BP;BP04;M;3/27/14;8:19:20 ;
Lift TBP 00;BP;BP05;M;3/27/14;6:39:17 ;
Lift TBP 00;BP;BP05;M;3/27/14;8:01:37 ;
Lift TBP 00;BP;BP05;M;3/27/14;9:29:53 ;
Lift TBP 00;BP;BP05;M;3/27/14;8:02:42 ;
Lift TBP 00;BP;BP05;M;3/27/14;8:02:44 ;
Lift TBP 00;BP;BP06;M;3/27/14;7:07:35 ;
Lift TBP 00;BS;BS03;M;3/27/14;7:29:37 ;
Lift TBP 00;BS;BS04;M;3/27/14;8:53:44 ;
Lift TBP 00;BS;BS05;M;3/27/14;6:50:27 ;
Lift TBP 00;BS;BS05;M;3/27/14;8:32:32 ;
Lift TBP 00;BS;BS05;M;3/27/14;6:58:33 ;
Lift TBP 00;BS;BS05;M;3/27/14;8:37:11 ;
Lift TBP 00;CS;CS05;M;3/27/14;7:56:24 ;
Lift TBP 00;CS;CS05;M;3/27/14;8:58:35 ;
Lift TBP 00;CS;CS05;M;3/27/14;7:15:34 ;
Lift TBP 00;BP;BP02;M;3/27/14;6:36:51 ;
Lift TBP 00;BP;BP02;M;3/27/14;7:19:22 ;
Lift TBP 00;BP;BP03;M;3/27/14;7:12:54 ;
Lift TBP 00;BP;BP03;M;3/27/14;7:13:09 ;
Lift TBP 00;BP;BP06;M;3/27/14;8:41:02 ;
Lift TBP 00;BS;BS03;M;3/27/14;7:53:20 ;
Lift TBP 00;BS;BS03;M;3/27/14;8:44:06 ;
Lift TBP 00;BS;BS03;M;3/27/14;8:48:02 ;
Lift TBP 00;BS;BS03;M;3/27/14;8:54:15 ;
Lift TBP 00;BS;BS04;M;3/27/14;7:54:47 ;
Lift TBP 00;BS;BS04;M;3/27/14;7:30:34 ;
Lift TBP 00;BS;BS06;M;3/27/14;5:55:56 ;
Lift TBP 00;BS;BS06;M;3/27/14;7:58:11 ;
Lift TBP 00;CS;CS02;M;3/27/14;8:05:33 ;
Lift TBP 00;BP;BP02;M;3/27/14;7:14:24 ;
Lift TBP 00;BS;BS02;M;3/27/14;7:16:20 ;
Lift TBS 00;BP;BP03;V;3/27/14;7:46:28 ;
Lift TBS 00;BP;BP04;V;3/27/14;9:44:27 ;
Lift TBS 00;BP;BP05;V;3/27/14;9:01:43 ;
Lift TBS 00;BS;BS00;V;3/27/14;8:38:40 ;
Lift TBS 00;BS;BS00;V;3/27/14;8:38:53 ;
Lift TBS 00;BS;BS02;V;3/27/14;8:03:04 ;
Lift TBS 00;BS;BS03;V;3/27/14;9:55:46 ;
Lift TBS 00;BS;BS03;V;3/27/14;9:00:04 ;
Lift TBS 00;BS;BS05;V;3/27/14;8:46:56 ;
Lift TBS 00;BS;BS06;V;3/27/14;9:11:40 ;
Lift TBS 00;BS;BS06;V;3/27/14;7:43:17 ;
Lift TBS 00;BS;BS06;V;3/27/14;8:36:15 ;
Lift TBS 00;BS;BS06;V;3/27/14;8:48:05 ;
Lift TBS 00;BS;BS06;V;3/27/14;8:48:07 ;
Lift TBS 00;BP;BP02;V;3/27/14;6:58:39 ;
Lift TBS 00;BP;BP03;V;3/27/14;7:53:47 ;
Lift TBS 00;BS;BS02;V;3/27/14;7:04:57 ;
Lift TBS 00;BS;BS02;V;3/27/14;7:58:18 ;
Lift TBS 00;BS;BS02;V;3/27/14;7:16:29 ;
Lift TBS 00;BS;BS02;V;3/27/14;9:28:28 ;
Lift TBS 00;BS;BS02;V;3/27/14;8:00:52 ;
Lift TBS 00;BS;BS02;V;3/27/14;8:28:39 ;
Lift TBS 00;BS;BS04;V;3/27/14;7:00:56 ;
Lift TBS 00;BS;BS04;V;3/27/14;7:38:37 ;
Lift TBS 00;BS;BS04;V;3/27/14;7:38:39 ;
Lift TBS 00;BS;BS04;V;3/27/14;7:55:32 ;
Lift TBS 00;BS;BS04;V;3/27/14;8:27:20 ;
Lift TBS 00;BS;BS04;V;3/27/14;8:41:02 ;
Lift TBS 00;BS;BS04;V;3/27/14;8:41:03 ;
Lift TBS 00;BS;BS06;V;3/27/14;9:11:13 ;
Lift TBS 00;BS;BS06;V;3/27/14;7:26:48 ;
Lift TBS 00;BS;BS06;V;3/27/14;6:56:46 ;
Lift TBS 00;BS;BS06;V;3/27/14;8:33:36 ;
Lift TBS 00;BS;BS06;V;3/27/14;8:10:57 ;
Lift TBS 00;BS;BS06;V;3/27/14;7:49:09 ;
Lift TBS 00;CP;CP05;V;3/27/14;8:25:13 ;
Lift TBS 00;CP;CP06;V;3/27/14;9:52:21 ;
Lift TBS 00;CS;CS01;V;3/27/14;6:20:45 ;
Lift TBS 00;CS;CS01;V;3/27/14;9:07:13 ;
Lift TBS 00;BP;BP02;V;3/27/14;9:20:17 ;
Lift TBS 00;BP;BP03;V;3/27/14;8:26:20 ;
Lift TBS 00;BP;BP03;M;3/27/14;8:53:47 ;
Lift TBS 00;BS;BS04;M;3/27/14;8:37:19 ;
Lift TBS 00;BS;BS04;M;3/27/14;7:50:02 ;
Lift TBS 00;BS;BS04;M;3/27/14;8:45:20 ;
Lift TBS 00;BS;BS05;M;3/27/14;8:43:55 ;
Lift TBS 00;BS;BS05;M;3/27/14;7:02:07 ;
Lift TBS 00;BS;BS05;M;3/27/14;8:18:27 ;
Lift TBS 00;BS;BS06;M;3/27/14;7:45:17 ;
Lift TBS 00;BS;BS06;M;3/27/14;8:31:05 ;
Lift TBS 00;BP;BP03;M;3/27/14;8:32:23 ;
Lift TBS 00;BS;BS03;M;3/27/14;7:37:21 ;
Lift TBS 00;BS;BS04;M;3/27/14;8:15:02 ;
Lift TBS 00;BS;BS06;M;3/27/14;8:22:24 ;
Lift TBS 00;BS;BS06;M;3/27/14;8:22:32 ;
Lift TBS 00;BS;BS06;M;3/27/14;9:04:56 ;
Lift TBS 00;BS;BS06;M;3/27/14;9:57:43 ;
Lift TBS 00;CS;CS03;M;3/27/14;8:25:39 ;
Lift TBS 00;BP;BP03;M;3/27/14;9:24:35 ;
Lift TCP 00;CP;CP02;V;3/27/14;9:54:08 ;
Lift TCP 00;CP;CP03;V;3/27/14;8:31:04 ;
Lift TCP 00;CP;CP03;V;3/27/14;8:31:05 ;
Lift TCP 00;CP;CP03;V;3/27/14;8:31:06 ;
Lift TCP 00;CP;CP04;V;3/27/14;8:40:59 ;
Lift TCP 00;CP;CP04;V;3/27/14;8:25:47 ;
Lift TCP 00;CP;CP04;V;3/27/14;8:26:02 ;
Lift TCP 00;CP;CP04;V;3/27/14;9:59:42 ;
Lift TCP 00;CP;CP05;V;3/27/14;8:51:14 ;
Lift TCP 00;CP;CP05;V;3/27/14;8:51:20 ;
Lift TCP 00;CP;CP06;V;3/27/14;7:33:57 ;
Lift TCP 00;CP;CP06;V;3/27/14;7:33:59 ;
Lift TCP 00;CS;CS01;V;3/27/14;9:09:29 ;
Lift TCP 00;CS;CS03;V;3/27/14;7:37:58 ;
Lift TCP 00;CS;CS03;V;3/27/14;9:24:43 ;
Lift TCP 00;CS;CS05;V;3/27/14;9:06:04 ;
Lift TCP 00;BP;BP03;V;3/27/14;8:09:39 ;
Lift TCP 00;BP;BP03;V;3/27/14;7:27:45 ;
Lift TCP 00;BP;BP03;V;3/27/14;9:34:20 ;
Lift TCP 00;BP;BP03;V;3/27/14;6:56:46 ;
Lift TCP 00;BP;BP03;V;3/27/14;7:44:46 ;
Lift TCP 00;BS;BS03;V;3/27/14;7:01:31 ;
Lift TCP 00;BS;BS04;V;3/27/14;7:05:48 ;
Lift TCP 00;CP;CP02;V;3/27/14;8:23:58 ;
Lift TCP 00;CP;CP03;V;3/27/14;7:24:21 ;
Lift TCP 00;CP;CP03;V;3/27/14;8:56:16 ;
Lift TCP 00;CP;CP05;V;3/27/14;8:27:49 ;
Lift TCP 00;CP;CP05;V;3/27/14;8:06:41 ;
Lift TCP 00;CP;CP06;V;3/27/14;7:52:13 ;
Lift TCP 00;CP;CP06;V;3/27/14;8:52:55 ;
Lift TCP 00;CP;CP06;V;3/27/14;7:31:33 ;
Lift TCP 00;CP;CP06;V;3/27/14;8:16:18 ;
Lift TCP 00;CP;CP06;V;3/27/14;7:46:32 ;
Lift TCP 00;CP;CP06;V;3/27/14;6:57:26 ;
Lift TCP 00;CS;CS03;V;3/27/14;8:37:51 ;
Lift TCP 00;CS;CS03;V;3/27/14;9:20:48 ;
Lift TCP 00;CS;CS03;V;3/27/14;9:25:57 ;
Lift TCP 00;CS;CS06;V;3/27/14;8:55:14 ;
Lift TCP 00;CP;CP02;M;3/27/14;8:02:32 ;
Lift TCP 00;CP;CP04;M;3/27/14;7:49:23 ;
Lift TCP 00;CP;CP04;M;3/27/14;7:18:55 ;
Lift TCP 00;CP;CP04;M;3/27/14;7:40:23 ;
Lift TCP 00;CP;CP04;M;3/27/14;8:28:44 ;
Lift TCP 00;CP;CP04;M;3/27/14;9:46:47 ;
Lift TCP 00;CP;CP04;M;3/27/14;9:46:53 ;
Lift TCP 00;CP;CP04;M;3/27/14;8:03:15 ;
Lift TCP 00;CP;CP04;M;3/27/14;9:51:40 ;
Lift TCP 00;CS;CS01;M;3/27/14;8:57:09 ;
Lift TCP 00;CS;CS03;M;3/27/14;9:26:47 ;
Lift TCP 00;CS;CS03;M;3/27/14;9:27:12 ;
Lift TCP 00;CS;CS05;M;3/27/14;9:29:51 ;
Lift TCP 00;CS;CS05;M;3/27/14;9:54:58 ;
Lift TCP 00;CS;CS06;M;3/27/14;9:18:21 ;
Lift TCP 00;BP;BP03;M;3/27/14;7:39:49 ;
Lift TCP 00;BP;BP03;M;3/27/14;9:44:33 ;
Lift TCP 00;BP;BP03;M;3/27/14;8:14:28 ;
Lift TCP 00;CP;CP03;M;3/27/14;9:22:26 ;
Lift TCP 00;CP;CP04;M;3/27/14;9:59:59 ;
Lift TCP 00;CP;CP04;M;3/27/14;8:52:09 ;
Lift TCP 00;CP;CP04;M;3/27/14;8:01:32 ;
Lift TCP 00;CP;CP04;M;3/27/14;8:39:45 ;
Lift TCP 00;CP;CP04;M;3/27/14;7:22:07 ;
Lift TCP 00;CP;CP05;M;3/27/14;8:10:41 ;
Lift TCP 00;CP;CP05;M;3/27/14;7:26:09 ;
Lift TCP 00;CP;CP05;M;3/27/14;7:26:12 ;
Lift TCP 00;CP;CP05;M;3/27/14;7:53:53 ;
Lift TCP 00;CP;CP05;M;3/27/14;9:07:39 ;
Lift TCP 00;CS;CS04;M;3/27/14;8:54:19 ;
Lift TCP 00;CS;CS04;M;3/27/14;7:02:25 ;
Lift TCP 00;CS;CS06;M;3/27/14;9:07:18 ;
Lift TCP 00;CS;CS06;M;3/27/14;8:21:15 ;
Lift TCP 00;CS;CS06;M;3/27/14;9:31:21 ;
Lift TCS 00;BP;BP05;V;3/27/14;8:53:49 ;
Lift TCS 00;BS;BS06;V;3/27/14;7:54:44 ;
Lift TCS 00;CP;CP02;V;3/27/14;8:02:57 ;
Lift TCS 00;CP;CP02;V;3/27/14;8:02:59 ;
Lift TCS 00;CP;CP02;V;3/27/14;8:57:25 ;
Lift TCS 00;CP;CP02;V;3/27/14;8:57:27 ;
Lift TCS 00;CP;CP03;V;3/27/14;7:22:28 ;
Lift TCS 00;CP;CP03;V;3/27/14;7:22:30 ;
Lift TCS 00;CP;CP04;V;3/27/14;9:13:31 ;
Lift TCS 00;CP;CP04;V;3/27/14;7:41:36 ;
Lift TCS 00;CP;CP05;V;3/27/14;7:04:43 ;
Lift TCS 00;CP;CP05;V;3/27/14;8:20:27 ;
Lift TCS 00;CP;CP05;V;3/27/14;7:21:38 ;
Lift TCS 00;CP;CP06;V;3/27/14;9:08:09 ;
Lift TCS 00;CP;CP06;V;3/27/14;6:43:16 ;
Lift TCS 00;CP;CP06;V;3/27/14;6:43:18 ;
Lift TCS 00;CP;CP06;V;3/27/14;8:51:14 ;
Lift TCS 00;CS;CS02;V;3/27/14;9:45:51 ;
Lift TCS 00;CS;CS02;V;3/27/14;9:45:54 ;
Lift TCS 00;CS;CS03;V;3/27/14;6:44:46 ;
Lift TCS 00;CS;CS04;V;3/27/14;7:25:01 ;
Lift TCS 00;CS;CS04;V;3/27/14;6:48:04 ;
Lift TCS 00;CS;CS04;V;3/27/14;6:57:25 ;
Lift TCS 00;CS;CS04;V;3/27/14;7:52:47 ;
Lift TCS 00;CS;CS05;V;3/27/14;6:59:29 ;
Lift TCS 00;CS;CS05;V;3/27/14;8:35:41 ;
Lift TCS 00;CS;CS05;V;3/27/14;8:58:14 ;
Lift TCS 00;EP;EP02;V;3/27/14;9:18:16 ;
Lift TCS 00;BP;BP06;V;3/27/14;7:20:52 ;
Lift TCS 00;BS;BS02;V;3/27/14;8:04:28 ;
Lift TCS 00;BS;BS04;V;3/27/14;9:27:38 ;
Lift TCS 00;CP;CP02;V;3/27/14;7:53:43 ;
Lift TCS 00;CP;CP03;V;3/27/14;6:54:40 ;
Lift TCS 00;CP;CP03;V;3/27/14;8:27:47 ;
Lift TCS 00;CP;CP03;V;3/27/14;8:28:56 ;
Lift TCS 00;CP;CP03;V;3/27/14;8:02:10 ;
Lift TCS 00;CP;CP03;V;3/27/14;7:49:16 ;
Lift TCS 00;CP;CP04;V;3/27/14;7:40:36 ;
Lift TCS 00;CP;CP04;V;3/27/14;6:57:52 ;
Lift TCS 00;CP;CP04;V;3/27/14;6:46:02 ;
Lift TCS 00;CP;CP04;V;3/27/14;9:52:01 ;
Lift TCS 00;CP;CP04;V;3/27/14;9:34:27 ;
Lift TCS 00;CP;CP05;V;3/27/14;8:26:27 ;
Lift TCS 00;CP;CP05;V;3/27/14;7:50:26 ;
Lift TCS 00;CP;CP06;V;3/27/14;8:40:48 ;
Lift TCS 00;CP;CP06;V;3/27/14;8:17:35 ;
Lift TCS 00;CP;CP06;V;3/27/14;8:17:37 ;
Lift TCS 00;CS;CS02;V;3/27/14;7:00:16 ;
Lift TCS 00;CS;CS02;V;3/27/14;8:21:20 ;
Lift TCS 00;CS;CS02;V;3/27/14;9:19:20 ;
Lift TCS 00;CS;CS03;V;3/27/14;7:01:52 ;
Lift TCS 00;CS;CS03;V;3/27/14;7:05:43 ;
Lift TCS 00;CS;CS03;V;3/27/14;7:05:46 ;
Lift TCS 00;CS;CS03;V;3/27/14;7:56:01 ;
Lift TCS 00;CS;CS03;V;3/27/14;7:56:03 ;
Lift TCS 00;CS;CS03;V;3/27/14;6:52:30 ;
Lift TCS 00;CS;CS03;V;3/27/14;6:49:53 ;
Lift TCS 00;CS;CS03;V;3/27/14;7:32:49 ;
Lift TCS 00;CS;CS03;V;3/27/14;9:06:32 ;
Lift TCS 00;CS;CS03;V;3/27/14;9:06:34 ;
Lift TCS 00;CS;CS03;V;3/27/14;7:20:04 ;
Lift TCS 00;CS;CS03;V;3/27/14;7:54:59 ;
Lift TCS 00;CS;CS04;V;3/27/14;7:37:56 ;
Lift TCS 00;CS;CS04;V;3/27/14;7:27:24 ;
Lift TCS 00;CS;CS04;V;3/27/14;7:13:14 ;
Lift TCS 00;CS;CS04;V;3/27/14;8:01:21 ;
Lift TCS 00;CS;CS04;V;3/27/14;9:26:20 ;
Lift TCS 00;CS;CS04;V;3/27/14;6:21:37 ;
Lift TCS 00;CS;CS04;V;3/27/14;8:29:39 ;
Lift TCS 00;CS;CS04;V;3/27/14;6:32:39 ;
Lift TCS 00;CS;CS04;V;3/27/14;6:56:28 ;
Lift TCS 00;CS;CS04;V;3/27/14;7:18:30 ;
Lift TCS 00;CS;CS04;V;3/27/14;8:13:19 ;
Lift TCS 00;CS;CS04;V;3/27/14;7:31:28 ;
Lift TCS 00;CS;CS04;V;3/27/14;7:17:12 ;
Lift TCS 00;CS;CS04;V;3/27/14;8:39:50 ;
Lift TCS 00;CS;CS05;V;3/27/14;8:06:57 ;
Lift TCS 00;CS;CS05;V;3/27/14;8:06:59 ;
Lift TCS 00;CS;CS05;V;3/27/14;7:33:20 ;
Lift TCS 00;CS;CS05;V;3/27/14;8:38:24 ;
Lift TCS 00;CS;CS05;V;3/27/14;9:38:00 ;
Lift TCS 00;CS;CS05;V;3/27/14;7:17:47 ;
Lift TCS 00;CS;CS05;V;3/27/14;8:05:27 ;
Lift TCS 00;CS;CS05;V;3/27/14;8:20:47 ;
Lift TCS 00;CS;CS05;V;3/27/14;7:10:36 ;
Lift TCS 00;CS;CS05;V;3/27/14;8:41:41 ;
Lift TCS 00;CS;CS05;V;3/27/14;6:35:45 ;
Lift TCS 00;CS;CS05;V;3/27/14;7:36:58 ;
Lift TCS 00;CS;CS05;V;3/27/14;6:55:21 ;
Lift TCS 00;CS;CS05;V;3/27/14;9:07:11 ;
Lift TCS 00;CS;CS06;V;3/27/14;8:50:21 ;
Lift TCS 00;BP;BP05;M;3/27/14;7:06:43 ;
Lift TCS 00;BP;BP05;M;3/27/14;7:06:51 ;
Lift TCS 00;CP;CP02;M;3/27/14;7:57:10 ;
Lift TCS 00;CP;CP02;M;3/27/14;7:57:11 ;
Lift TCS 00;CP;CP03;M;3/27/14;6:44:13 ;
Lift TCS 00;CP;CP05;M;3/27/14;9:20:20 ;
Lift TCS 00;CS;CS01;M;3/27/14;9:12:24 ;
Lift TCS 00;CS;CS02;M;3/27/14;7:37:21 ;
Lift TCS 00;CS;CS03;M;3/27/14;9:29:50 ;
Lift TCS 00;CS;CS05;M;3/27/14;8:00:31 ;
Lift TCS 00;CS;CS05;M;3/27/14;8:15:41 ;
Lift TCS 00;CS;CS05;M;3/27/14;8:24:11 ;
Lift TCS 00;CS;CS05;M;3/27/14;7:16:51 ;
Lift TCS 00;CS;CS05;M;3/27/14;9:26:58 ;
Lift TCS 00;CS;CS05;M;3/27/14;8:08:13 ;
Lift TCS 00;CS;CS05;M;3/27/14;9:11:24 ;
Lift TCS 00;CS;CS05;M;3/27/14;9:11:25 ;
Lift TCS 00;CS;CS05;M;3/27/14;9:11:27 ;
Lift TCS 00;CS;CS05;M;3/27/14;9:11:29 ;
Lift TCS 00;CS;CS05;M;3/27/14;8:14:48 ;
Lift TCS 00;CS;CS05;M;3/27/14;7:09:30 ;
Lift TCS 00;CS;CS06;M;3/27/14;9:59:39 ;
Lift TCS 00;CS;CS06;M;3/27/14;9:59:43 ;
Lift TCS 00;CS;CS06;M;3/27/14;8:56:31 ;
Lift TCS 00;CS;CS06;M;3/27/14;8:45:56 ;
Lift TCS 00;CS;CS06;M;3/27/14;8:45:57 ;
Lift TCS 00;CS;CS06;M;3/27/14;7:45:42 ;
Lift TCS 00;CP;CP05;M;3/27/14;8:59:52 ;
Lift TCS 00;BP;BP06;M;3/27/14;8:31:32 ;
Lift TCS 00;BP;BP06;M;3/27/14;8:42:13 ;
Lift TCS 00;BP;BP06;M;3/27/14;8:53:08 ;
Lift TCS 00;CP;CP02;M;3/27/14;8:46:35 ;
Lift TCS 00;CP;CP04;M;3/27/14;8:37:43 ;
Lift TCS 00;CP;CP04;M;3/27/14;9:20:49 ;
Lift TCS 00;CP;CP04;M;3/27/14;8:27:12 ;
Lift TCS 00;CP;CP04;M;3/27/14;8:52:16 ;
Lift TCS 00;CP;CP04;M;3/27/14;7:03:11 ;
Lift TCS 00;CP;CP05;M;3/27/14;8:54:23 ;
Lift TCS 00;CP;CP05;M;3/27/14;9:56:27 ;
Lift TCS 00;CP;CP05;M;3/27/14;8:33:58 ;
Lift TCS 00;CP;CP05;M;3/27/14;9:28:58 ;
Lift TCS 00;CP;CP05;M;3/27/14;6:53:01 ;
Lift TCS 00;CP;CP05;M;3/27/14;6:53:55 ;
Lift TCS 00;CP;CP06;M;3/27/14;7:53:50 ;
Lift TCS 00;CP;CP06;M;3/27/14;8:43:06 ;
Lift TCS 00;CP;CP06;M;3/27/14;9:02:41 ;
Lift TCS 00;CS;CS03;M;3/27/14;7:30:09 ;
Lift TCS 00;CS;CS04;M;3/27/14;7:12:42 ;
Lift TCS 00;CS;CS04;M;3/27/14;7:31:56 ;
Lift TCS 00;CS;CS04;M;3/27/14;9:17:45 ;
Lift TCS 00;CS;CS04;M;3/27/14;9:23:41 ;
Lift TCS 00;CS;CS04;M;3/27/14;9:32:04 ;
Lift TCS 00;CS;CS04;M;3/27/14;7:43:36 ;
Lift TCS 00;CS;CS05;M;3/27/14;7:11:02 ;
Lift TCS 00;CS;CS05;M;3/27/14;9:04:11 ;
Lift TCS 00;CS;CS05;M;3/27/14;7:47:39 ;
Lift TCS 00;CS;CS05;M;3/27/14;8:49:11 ;
Lift TCS 00;CS;CS05;M;3/27/14;8:50:03 ;
Lift TCS 00;CS;CS06;M;3/27/14;8:23:22 ;
Lift TCS 00;CS;CS06;M;3/27/14;8:43:44 ;
Lift TCS 00;CS;CS06;M;3/27/14;8:43:46 ;
Lift TCS 00;CS;CS06;M;3/27/14;8:24:50 ;
Lift TDM 00;DM;DM03;V;3/27/14;9:00:35 ;
Lift TDM 00;DM;DM05;V;3/27/14;8:51:07 ;
Lift TDM 00;EP;EP05;V;3/27/14;8:07:30 ;
Lift TDM 00;DM;DM04;V;3/27/14;8:06:59 ;
Lift TDM 00;DM;DM02;V;3/27/14;8:50:01 ;
Lift TDM 00;DM;DM03;V;3/27/14;9:10:23 ;
Lift TDM 00;DM;DM03;V;3/27/14;7:34:31 ;
Lift TDM 00;DM;DM03;V;3/27/14;8:41:36 ;
Lift TDM 00;DM;DM03;V;3/27/14;8:32:38 ;
Lift TDM 00;DM;DM03;V;3/27/14;8:33:04 ;
Lift TDM 00;DM;DM03;V;3/27/14;8:34:21 ;
Lift TDM 00;DM;DM03;V;3/27/14;8:30:23 ;
Lift TDM 00;DM;DM03;V;3/27/14;7:23:35 ;
Lift TDM 00;DM;DM03;V;3/27/14;7:45:03 ;
Lift TDM 00;DM;DM03;V;3/27/14;7:27:24 ;
Lift TDM 00;DM;DM03;V;3/27/14;8:17:59 ;
Lift TDM 00;DM;DM03;V;3/27/14;8:07:31 ;
Lift TDM 00;DM;DM03;V;3/27/14;7:54:57 ;
Lift TDM 00;DM;DM04;V;3/27/14;8:51:14 ;
Lift TDM 00;DM;DM04;V;3/27/14;7:11:50 ;
Lift TDM 00;DM;DM04;V;3/27/14;7:18:46 ;
Lift TDM 00;DM;DM04;V;3/27/14;8:52:59 ;
Lift TDM 00;DM;DM04;V;3/27/14;8:53:19 ;
Lift TDM 00;DM;DM04;V;3/27/14;8:11:13 ;
Lift TDM 00;DM;DM04;V;3/27/14;6:53:16 ;
Lift TDM 00;DM;DM04;V;3/27/14;8:31:42 ;
Lift TDM 00;DM;DM04;V;3/27/14;8:23:12 ;
Lift TDM 00;DM;DM05;V;3/27/14;9:28:12 ;
Lift TDM 00;DM;DM05;V;3/27/14;7:44:28 ;
Lift TDM 00;DM;DM05;V;3/27/14;8:02:30 ;
Lift TDM 00;DM;DM05;V;3/27/14;8:58:07 ;
Lift TDM 00;DM;DM05;V;3/27/14;8:15:05 ;
Lift TDM 00;DM;DM05;V;3/27/14;6:56:49 ;
Lift TDM 00;DM;DM05;V;3/27/14;9:15:56 ;
Lift TDM 00;DM;DM05;V;3/27/14;8:38:34 ;
Lift TDM 00;DM;DM05;V;3/27/14;9:05:23 ;
Lift TDM 00;DM;DM05;V;3/27/14;7:32:16 ;
Lift TDM 00;DM;DM05;V;3/27/14;7:32:18 ;
Lift TDM 00;DM;DM06;V;3/27/14;9:16:57 ;
Lift TDM 00;DM;DM06;V;3/27/14;7:10:19 ;
Lift TDM 00;DM;DM06;V;3/27/14;8:29:37 ;
Lift TDM 00;DM;DM06;V;3/27/14;7:20:57 ;
Lift TDM 00;ES;ES06;V;3/27/14;7:17:19 ;
Lift TDM 00;ES;ES06;V;3/27/14;7:17:20 ;
Lift TDM 00;ES;ES06;V;3/27/14;6:55:04 ;
Lift TDM 00;ES;ES06;V;3/27/14;9:02:08 ;
Lift TDM 00;ES;ES06;V;3/27/14;7:33:49 ;
Lift TDM 00;ES;ES06;V;3/27/14;6:58:55 ;
Lift TDM 00;ES;ES03;V;3/27/14;7:25:58 ;
Lift TDM 00;ES;ES03;V;3/27/14;7:37:49 ;
Lift TDM 00;ES;ES03;V;3/27/14;8:38:04 ;
Lift TDM 00;DM;DM02;M;3/27/14;8:56:46 ;
Lift TDM 00;DM;DM02;M;3/27/14;9:30:15 ;
Lift TDM 00;DM;DM02;M;3/27/14;7:27:00 ;
Lift TDM 00;DM;DM02;M;3/27/14;7:34:57 ;
Lift TDM 00;DM;DM03;M;3/27/14;9:14:22 ;
Lift TDM 00;DM;DM04;M;3/27/14;8:06:24 ;
Lift TDM 00;DM;DM04;M;3/27/14;7:41:29 ;
Lift TDM 00;DM;DM04;M;3/27/14;8:27:57 ;
Lift TDM 00;DM;DM04;M;3/27/14;9:34:27 ;
Lift TDM 00;DM;DM04;M;3/27/14;7:20:18 ;
Lift TDM 00;DM;DM04;M;3/27/14;8:32:12 ;
Lift TDM 00;DM;DM05;M;3/27/14;8:47:16 ;
Lift TDM 00;DM;DM05;M;3/27/14;9:31:21 ;
Lift TDM 00;DM;DM05;M;3/27/14;7:54:02 ;
Lift TDM 00;DM;DM05;M;3/27/14;8:28:22 ;
Lift TDM 00;DM;DM05;M;3/27/14;7:40:18 ;
Lift TDM 00;DM;DM05;M;3/27/14;8:59:09 ;
Lift TDM 00;DM;DM05;M;3/27/14;7:09:29 ;
Lift TDM 00;DM;DM05;M;3/27/14;8:40:29 ;
Lift TDM 00;DM;DM06;M;3/27/14;8:43:00 ;
Lift TDM 00;DM;DM06;M;3/27/14;8:49:32 ;
Lift TDM 00;DM;DM06;M;3/27/14;6:56:09 ;
Lift TDM 00;DM;DM06;M;3/27/14;9:00:17 ;
Lift TDM 00;DM;DM06;M;3/27/14;7:39:27 ;
Lift TDM 00;DM;DM06;M;3/27/14;8:48:09 ;
Lift TDM 00;EP;EP05;M;3/27/14;8:55:03 ;
Lift TDM 00;EP;EP05;M;3/27/14;9:54:51 ;
Lift TDM 00;EP;EP05;M;3/27/14;9:06:18 ;
Lift TDM 00;ES;ES06;M;3/27/14;8:14:22 ;
Lift TDM 00;ES;ES06;M;3/27/14;8:39:58 ;
Lift TDM 00;EP;EP04;M;3/27/14;8:25:51 ;
Lift TDM 00;EP;EP05;M;3/27/14;9:09:55 ;
Lift TDM 00;DM;DM02;M;3/27/14;7:35:49 ;
Lift TDM 00;DM;DM02;M;3/27/14;6:41:15 ;
Lift TDM 00;DM;DM02;M;3/27/14;8:24:42 ;
Lift TDM 00;DM;DM02;M;3/27/14;9:55:25 ;
Lift TDM 00;DM;DM02;M;3/27/14;7:51:53 ;
Lift TDM 00;DM;DM02;M;3/27/14;9:14:08 ;
Lift TDM 00;DM;DM02;M;3/27/14;9:08:55 ;
Lift TDM 00;ES;ES02;M;3/27/14;9:53:14 ;
Lift TDM 00;ES;ES03;M;3/27/14;6:49:57 ;
Lift TDM 00;ES;ES03;M;3/27/14;9:22:12 ;
Lift TBP 00;BP;BP02;V;3/28/14;8:35:26 ;
Lift TBP 00;BP;BP02;V;3/28/14;6:56:01 ;
Lift TBP 00;BP;BP02;V;3/28/14;7:18:32 ;
Lift TBP 00;BP;BP03;V;3/28/14;7:36:04 ;
Lift TBP 00;BP;BP03;V;3/28/14;9:28:58 ;
Lift TBP 00;BP;BP03;V;3/28/14;8:36:33 ;
Lift TBP 00;BP;BP03;V;3/28/14;8:30:05 ;
Lift TBP 00;BP;BP04;V;3/28/14;7:45:36 ;
Lift TBP 00;BP;BP04;V;3/28/14;7:45:40 ;
Lift TBP 00;BP;BP04;V;3/28/14;7:57:07 ;
Lift TBP 00;BP;BP05;V;3/28/14;6:55:25 ;
Lift TBP 00;BP;BP05;V;3/28/14;8:50:10 ;
Lift TBP 00;BP;BP05;V;3/28/14;7:02:57 ;
Lift TBP 00;BP;BP05;V;3/28/14;7:05:09 ;
Lift TBP 00;BS;BS02;V;3/28/14;8:06:30 ;
Lift TBP 00;BS;BS02;V;3/28/14;8:06:34 ;
Lift TBP 00;BS;BS03;V;3/28/14;9:04:11 ;
Lift TBP 00;BS;BS06;V;3/28/14;8:51:38 ;
Lift TBP 00;CS;CS03;V;3/28/14;8:31:08 ;
Lift TBP 00;CS;CS03;V;3/28/14;7:49:04 ;
Lift TBP 00;BP;BP02;V;3/28/14;7:46:24 ;
Lift TBP 00;BP;BP02;V;3/28/14;7:46:25 ;
Lift TBP 00;BP;BP02;V;3/28/14;7:43:47 ;
Lift TBP 00;BP;BP02;V;3/28/14;7:39:03 ;
Lift TBP 00;BP;BP02;V;3/28/14;7:51:32 ;
Lift TBP 00;BP;BP02;V;3/28/14;7:49:41 ;
Lift TBP 00;BP;BP02;V;3/28/14;6:59:27 ;
Lift TBP 00;BP;BP02;V;3/28/14;6:59:59 ;
Lift TBP 00;BP;BP02;V;3/28/14;7:44:20 ;
Lift TBP 00;BP;BP02;V;3/28/14;9:45:30 ;
Lift TBP 00;BP;BP03;V;3/28/14;8:55:02 ;
Lift TBP 00;BP;BP04;V;3/28/14;7:08:52 ;
Lift TBP 00;BP;BP04;V;3/28/14;9:00:55 ;
Lift TBP 00;BP;BP04;V;3/28/14;8:12:17 ;
Lift TBP 00;BP;BP05;V;3/28/14;7:01:03 ;
Lift TBP 00;BP;BP05;V;3/28/14;8:10:13 ;
Lift TBP 00;BP;BP06;V;3/28/14;8:52:19 ;
Lift TBP 00;BP;BP06;V;3/28/14;8:52:21 ;
Lift TBP 00;BS;BS02;V;3/28/14;7:29:51 ;
Lift TBP 00;BS;BS02;V;3/28/14;8:53:44 ;
Lift TBP 00;BS;BS02;V;3/28/14;8:43:08 ;
Lift TBP 00;BS;BS02;V;3/28/14;7:20:44 ;
Lift TBP 00;BS;BS03;V;3/28/14;7:59:23 ;
Lift TBP 00;BS;BS03;V;3/28/14;7:32:58 ;
Lift TBP 00;BS;BS03;V;3/28/14;8:48:05 ;
Lift TBP 00;BS;BS04;V;3/28/14;9:34:50 ;
Lift TBP 00;BS;BS04;V;3/28/14;8:56:25 ;
Lift TBP 00;BS;BS04;V;3/28/14;8:56:26 ;
Lift TBP 00;BS;BS04;V;3/28/14;7:53:16 ;
Lift TBP 00;BS;BS04;V;3/28/14;7:53:18 ;
Lift TBP 00;BS;BS04;V;3/28/14;7:38:25 ;
Lift TBP 00;BS;BS04;V;3/28/14;7:09:13 ;
Lift TBP 00;BS;BS04;V;3/28/14;7:52:00 ;
Lift TBP 00;BS;BS04;V;3/28/14;7:54:04 ;
Lift TBP 00;BS;BS04;V;3/28/14;9:24:06 ;
Lift TBP 00;BS;BS04;V;3/28/14;7:34:13 ;
Lift TBP 00;BS;BS04;V;3/28/14;7:35:15 ;
Lift TBP 00;BS;BS04;V;3/28/14;7:35:16 ;
Lift TBP 00;BS;BS04;V;3/28/14;7:56:01 ;
Lift TBP 00;BS;BS06;V;3/28/14;8:44:19 ;
Lift TBP 00;BS;BS06;V;3/28/14;8:29:27 ;
Lift TBP 00;BS;BS06;V;3/28/14;8:01:35 ;
Lift TBP 00;BS;BS06;V;3/28/14;8:21:50 ;
Lift TBP 00;CP;CP03;V;3/28/14;8:19:21 ;
Lift TBP 00;CP;CP06;V;3/28/14;8:15:41 ;
Lift TBP 00;CP;CP06;V;3/28/14;8:15:45 ;
Lift TBP 00;CP;CP06;V;3/28/14;8:11:20 ;
Lift TBP 00;CS;CS03;V;3/28/14;8:36:09 ;
Lift TBP 00;CS;CS03;V;3/28/14;6:34:42 ;
Lift TBP 00;CS;CS03;V;3/28/14;6:57:21 ;
Lift TBP 00;BP;BP02;V;3/28/14;9:32:25 ;
Lift TBP 00;BP;BP02;V;3/28/14;7:14:29 ;
Lift TBP 00;BP;BP02;V;3/28/14;9:13:51 ;
Lift TBP 00;BS;BS02;V;3/28/14;8:14:47 ;
Lift TBP 00;BP;BP02;M;3/28/14;8:09:41 ;
Lift TBP 00;BP;BP02;M;3/28/14;8:09:43 ;
Lift TBP 00;BP;BP03;M;3/28/14;7:10:16 ;
Lift TBP 00;BP;BP04;M;3/28/14;8:29:51 ;
Lift TBP 00;BP;BP05;M;3/28/14;6:41:11 ;
Lift TBP 00;BP;BP05;M;3/28/14;8:04:11 ;
Lift TBP 00;BP;BP05;M;3/28/14;7:28:03 ;
Lift TBP 00;BP;BP05;M;3/28/14;8:08:31 ;
Lift TBP 00;BP;BP05;M;3/28/14;9:16:25 ;
Lift TBP 00;BS;BS03;M;3/28/14;7:22:03 ;
Lift TBP 00;BS;BS04;M;3/28/14;8:49:55 ;
Lift TBP 00;BP;BP02;M;3/28/14;8:05:11 ;
Lift TBP 00;CS;CS05;M;3/28/14;8:10:47 ;
Lift TBP 00;BP;BP02;M;3/28/14;9:02:26 ;
Lift TBP 00;BP;BP02;M;3/28/14;9:47:53 ;
Lift TBP 00;BP;BP06;M;3/28/14;8:17:22 ;
Lift TBP 00;BS;BS03;M;3/28/14;7:41:17 ;
Lift TBP 00;BS;BS04;M;3/28/14;7:25:02 ;
Lift TBP 00;BS;BS04;M;3/28/14;7:55:08 ;
Lift TBP 00;CS;CS71;M;3/28/14;9:05:59 ;
Lift TBP 00;BP;BP02;M;3/28/14;6:50:43 ;
Lift TBP 00;BS;BS02;M;3/28/14;9:05:14 ;
Lift TBS 00;BP;BP03;V;3/28/14;7:42:44 ;
Lift TBS 00;BS;BS04;V;3/28/14;8:22:52 ;
Lift TBS 00;BS;BS04;V;3/28/14;8:22:54 ;
Lift TBS 00;BS;BS05;V;3/28/14;8:41:36 ;
Lift TBS 00;BS;BS06;V;3/28/14;9:26:53 ;
Lift TBS 00;BS;BS06;V;3/28/14;7:51:24 ;
Lift TBS 00;BS;BS06;V;3/28/14;9:47:14 ;
Lift TBS 00;BS;BS06;V;3/28/14;8:37:07 ;
Lift TBS 00;BS;BS06;V;3/28/14;8:53:56 ;
Lift TBS 00;BS;BS06;V;3/28/14;8:53:57 ;
Lift TBS 00;CS;CS05;V;3/28/14;9:29:51 ;
Lift TBS 00;BS;BS02;V;3/28/14;7:38:55 ;
Lift TBS 00;BS;BS02;V;3/28/14;7:14:57 ;
Lift TBS 00;BS;BS04;V;3/28/14;6:59:08 ;
Lift TBS 00;BS;BS04;V;3/28/14;8:07:30 ;
Lift TBS 00;BS;BS05;V;3/28/14;7:58:54 ;
Lift TBS 00;BS;BS06;V;3/28/14;7:28:01 ;
Lift TBS 00;BS;BS06;V;3/28/14;9:22:30 ;
Lift TBS 00;BS;BS06;V;3/28/14;8:26:28 ;
Lift TBS 00;BS;BS06;V;3/28/14;9:25:36 ;
Lift TBS 00;BS;BS06;V;3/28/14;9:20:24 ;
Lift TBS 00;BS;BS06;V;3/28/14;8:17:36 ;
Lift TBS 00;BS;BS06;V;3/28/14;7:30:30 ;
Lift TBS 00;CP;CP03;V;3/28/14;8:25:33 ;
Lift TBS 00;CS;CS01;V;3/28/14;6:21:17 ;
Lift TBS 00;CS;CS01;V;3/28/14;9:05:52 ;
Lift TBS 00;BP;BP03;V;3/28/14;8:21:59 ;
Lift TBS 00;BP;BP03;M;3/28/14;8:43:04 ;
Lift TBS 00;BS;BS03;M;3/28/14;7:36:19 ;
Lift TBS 00;BS;BS04;M;3/28/14;9:16:58 ;
Lift TBS 00;BS;BS05;M;3/28/14;9:03:45 ;
Lift TBS 00;BS;BS05;M;3/28/14;7:37:28 ;
Lift TBS 00;BS;BS05;M;3/28/14;8:51:23 ;
Lift TBS 00;BS;BS06;M;3/28/14;7:41:28 ;
Lift TBS 00;BS;BS06;M;3/28/14;7:41:31 ;
Lift TBS 00;BS;BS06;M;3/28/14;6:51:31 ;
Lift TBS 00;BS;BS06;M;3/28/14;9:15:39 ;
Lift TBS 00;BP;BP03;M;3/28/14;8:34:21 ;
Lift TBS 00;BS;BS04;M;3/28/14;8:19:56 ;
Lift TBS 00;BS;BS04;M;3/28/14;8:31:21 ;
Lift TBS 00;BS;BS06;M;3/28/14;8:16:19 ;
Lift TBS 00;BS;BS06;M;3/28/14;7:56:00 ;
Lift TBS 00;BS;BS06;M;3/28/14;8:03:28 ;
Lift TBS 00;BS;BS06;M;3/28/14;8:47:54 ;
Lift TBS 00;BS;BS06;M;3/28/14;8:58:19 ;
Lift TBS 00;BP;BP03;M;3/28/14;8:55:58 ;
Lift TCP 00;CP;CP02;V;3/28/14;8:58:55 ;
Lift TCP 00;CP;CP02;V;3/28/14;8:30:35 ;
Lift TCP 00;CP;CP02;V;3/28/14;8:32:52 ;
Lift TCP 00;CP;CP02;V;3/28/14;7:52:58 ;
Lift TCP 00;CP;CP03;V;3/28/14;8:26:29 ;
Lift TCP 00;CP;CP03;V;3/28/14;6:53:07 ;
Lift TCP 00;CP;CP04;V;3/28/14;9:36:46 ;
Lift TCP 00;CP;CP04;V;3/28/14;9:36:50 ;
Lift TCP 00;CP;CP06;V;3/28/14;9:40:35 ;
Lift TCP 00;BP;BP02;V;3/28/14;9:37:14 ;
Lift TCP 00;BP;BP03;V;3/28/14;8:32:07 ;
Lift TCP 00;BP;BP03;V;3/28/14;8:27:40 ;
Lift TCP 00;BP;BP03;V;3/28/14;7:41:54 ;
Lift TCP 00;BP;BP03;V;3/28/14;7:30:51 ;
Lift TCP 00;BP;BP03;V;3/28/14;7:39:30 ;
Lift TCP 00;BP;BP03;V;3/28/14;8:03:35 ;
Lift TCP 00;BS;BS03;V;3/28/14;7:02:33 ;
Lift TCP 00;BS;BS04;V;3/28/14;6:56:50 ;
Lift TCP 00;CP;CP02;V;3/28/14;8:13:12 ;
Lift TCP 00;CP;CP03;V;3/28/14;7:21:15 ;
Lift TCP 00;CP;CP03;V;3/28/14;6:38:41 ;
Lift TCP 00;CP;CP04;V;3/28/14;8:01:17 ;
Lift TCP 00;CP;CP05;V;3/28/14;7:43:29 ;
Lift TCP 00;CP;CP06;V;3/28/14;6:58:17 ;
Lift TCP 00;CP;CP06;V;3/28/14;7:24:08 ;
Lift TCP 00;CP;CP06;V;3/28/14;8:36:35 ;
Lift TCP 00;CP;CP06;V;3/28/14;8:54:32 ;
Lift TCP 00;CS;CS02;V;3/28/14;8:37:24 ;
Lift TCP 00;CS;CS04;V;3/28/14;7:57:04 ;
Lift TCP 00;CS;CS04;V;3/28/14;9:01:10 ;
Lift TCP 00;CS;CS04;V;3/28/14;8:25:54 ;
Lift TCP 00;CS;CS05;V;3/28/14;7:03:41 ;
Lift TCP 00;CS;CS05;V;3/28/14;8:18:15 ;
Lift TCP 00;CS;CS06;V;3/28/14;9:25:26 ;
Lift TCP 00;CP;CP02;M;3/28/14;8:00:33 ;
Lift TCP 00;CP;CP02;M;3/28/14;8:00:41 ;
Lift TCP 00;CP;CP05;M;3/28/14;8:49:01 ;
Lift TCP 00;CS;CS02;M;3/28/14;7:54:20 ;
Lift TCP 00;CS;CS03;M;3/28/14;9:07:03 ;
Lift TCP 00;CS;CS03;M;3/28/14;9:07:05 ;
Lift TCP 00;CS;CS04;M;3/28/14;7:59:10 ;
Lift TCP 00;BP;BP03;M;3/28/14;7:38:19 ;
Lift TCP 00;BP;BP03;M;3/28/14;8:27:03 ;
Lift TCP 00;BP;BP03;M;3/28/14;9:21:55 ;
Lift TCP 00;CP;CP04;M;3/28/14;9:02:30 ;
Lift TCP 00;CP;CP04;M;3/28/14;9:02:31 ;
Lift TCP 00;CS;CS04;M;3/28/14;9:14:11 ;
Lift TCP 00;CS;CS06;M;3/28/14;8:09:27 ;
Lift TCP 00;CS;CS06;M;3/28/14;8:10:00 ;
Lift TCP 00;CS;CS71;M;3/28/14;7:47:15 ;
Lift TCS 00;BS;BS06;V;3/28/14;8:49:01 ;
Lift TCS 00;CP;CP03;V;3/28/14;7:31:58 ;
Lift TCS 00;CP;CP05;V;3/28/14;9:05:51 ;
Lift TCS 00;CP;CP05;V;3/28/14;9:06:04 ;
Lift TCS 00;CP;CP05;V;3/28/14;8:18:51 ;
Lift TCS 00;CP;CP05;V;3/28/14;7:21:35 ;
Lift TCS 00;CP;CP05;V;3/28/14;7:21:40 ;
Lift TCS 00;CP;CP05;V;3/28/14;7:16:52 ;
Lift TCS 00;CP;CP06;V;3/28/14;9:12:36 ;
Lift TCS 00;CS;CS01;V;3/28/14;6:50:29 ;
Lift TCS 00;CS;CS02;V;3/28/14;8:27:48 ;
Lift TCS 00;CS;CS02;V;3/28/14;9:22:36 ;
Lift TCS 00;CS;CS02;V;3/28/14;9:22:38 ;
Lift TCS 00;CS;CS04;V;3/28/14;8:41:46 ;
Lift TCS 00;CS;CS04;V;3/28/14;7:00:48 ;
Lift TCS 00;CS;CS04;V;3/28/14;7:00:50 ;
Lift TCS 00;CS;CS05;V;3/28/14;6:58:27 ;
Lift TCS 00;CS;CS05;V;3/28/14;7:39:57 ;
Lift TCS 00;CS;CS05;V;3/28/14;7:45:25 ;
Lift TCS 00;CS;CS06;V;3/28/14;7:57:42 ;
Lift TCS 00;BS;BS04;V;3/28/14;6:56:22 ;
Lift TCS 00;BS;BS04;V;3/28/14;6:56:25 ;
Lift TCS 00;BS;BS04;V;3/28/14;8:01:53 ;
Lift TCS 00;BS;BS04;V;3/28/14;6:52:34 ;
Lift TCS 00;BS;BS06;V;3/28/14;8:38:37 ;
Lift TCS 00;CP;CP02;V;3/28/14;7:14:38 ;
Lift TCS 00;CP;CP03;V;3/28/14;6:01:00 ;
Lift TCS 00;CP;CP04;V;3/28/14;9:58:51 ;
Lift TCS 00;CP;CP04;V;3/28/14;6:49:29 ;
Lift TCS 00;CP;CP04;V;3/28/14;9:19:09 ;
Lift TCS 00;CP;CP04;V;3/28/14;9:19:19 ;
Lift TCS 00;CP;CP04;V;3/28/14;9:19:25 ;
Lift TCS 00;CP;CP04;V;3/28/14;7:28:41 ;
Lift TCS 00;CP;CP04;V;3/28/14;8:19:55 ;
Lift TCS 00;CP;CP04;V;3/28/14;8:36:08 ;
Lift TCS 00;CP;CP05;V;3/28/14;8:34:07 ;
Lift TCS 00;CP;CP05;V;3/28/14;7:38:26 ;
Lift TCS 00;CP;CP05;V;3/28/14;7:50:29 ;
Lift TCS 00;CP;CP05;V;3/28/14;7:22:38 ;
Lift TCS 00;CS;CS02;V;3/28/14;8:15:47 ;
Lift TCS 00;CS;CS02;V;3/28/14;9:20:11 ;
Lift TCS 00;CS;CS03;V;3/28/14;7:00:00 ;
Lift TCS 00;CS;CS03;V;3/28/14;7:08:55 ;
Lift TCS 00;CS;CS03;V;3/28/14;8:57:22 ;
Lift TCS 00;CS;CS03;V;3/28/14;8:12:56 ;
Lift TCS 00;CS;CS04;V;3/28/14;9:04:09 ;
Lift TCS 00;CS;CS04;V;3/28/14;9:04:11 ;
Lift TCS 00;CS;CS04;V;3/28/14;6:27:19 ;
Lift TCS 00;CS;CS04;V;3/28/14;9:39:51 ;
Lift TCS 00;CS;CS04;V;3/28/14;7:41:25 ;
Lift TCS 00;CS;CS04;V;3/28/14;7:12:59 ;
Lift TCS 00;CS;CS04;V;3/28/14;8:10:46 ;
Lift TCS 00;CS;CS04;V;3/28/14;9:08:43 ;
Lift TCS 00;CS;CS04;V;3/28/14;6:33:25 ;
Lift TCS 00;CS;CS04;V;3/28/14;8:08:21 ;
Lift TCS 00;CS;CS04;V;3/28/14;9:50:02 ;
Lift TCS 00;CS;CS04;V;3/28/14;7:27:33 ;
Lift TCS 00;CS;CS04;V;3/28/14;7:48:23 ;
Lift TCS 00;CS;CS04;V;3/28/14;7:48:24 ;
Lift TCS 00;CS;CS04;V;3/28/14;6:59:21 ;
Lift TCS 00;CS;CS04;V;3/28/14;7:31:15 ;
Lift TCS 00;CS;CS04;V;3/28/14;8:48:08 ;
Lift TCS 00;CS;CS04;V;3/28/14;7:37:45 ;
Lift TCS 00;CS;CS04;V;3/28/14;7:59:36 ;
Lift TCS 00;CS;CS04;V;3/28/14;7:12:29 ;
Lift TCS 00;CS;CS05;V;3/28/14;8:34:55 ;
Lift TCS 00;CS;CS05;V;3/28/14;7:58:33 ;
Lift TCS 00;CS;CS05;V;3/28/14;8:22:55 ;
Lift TCS 00;CS;CS05;V;3/28/14;7:30:38 ;
Lift TCS 00;CS;CS05;V;3/28/14;7:56:47 ;
Lift TCS 00;CS;CS05;V;3/28/14;8:14:21 ;
Lift TCS 00;CS;CS05;V;3/28/14;8:15:02 ;
Lift TCS 00;CS;CS05;V;3/28/14;9:34:30 ;
Lift TCS 00;CS;CS05;V;3/28/14;7:18:13 ;
Lift TCS 00;CS;CS05;V;3/28/14;6:53:39 ;
Lift TCS 00;CS;CS06;V;3/28/14;8:28:21 ;
Lift TCS 00;CS;CS06;V;3/28/14;8:24:41 ;
Lift TCS 00;BP;BP05;M;3/28/14;8:00:15 ;
Lift TCS 00;CP;CP02;M;3/28/14;8:45:23 ;
Lift TCS 00;CP;CP02;M;3/28/14;8:45:27 ;
Lift TCS 00;CP;CP03;M;3/28/14;6:45:30 ;
Lift TCS 00;CS;CS03;M;3/28/14;9:35:41 ;
Lift TCS 00;CS;CS03;M;3/28/14;7:52:43 ;
Lift TCS 00;CS;CS04;M;3/28/14;7:39:03 ;
Lift TCS 00;CS;CS04;M;3/28/14;7:35:35 ;
Lift TCS 00;CS;CS05;M;3/28/14;8:29:40 ;
Lift TCS 00;CS;CS05;M;3/28/14;8:21:26 ;
Lift TCS 00;CS;CS06;M;3/28/14;8:41:14 ;
Lift TCS 00;CS;CS06;M;3/28/14;8:41:17 ;
Lift TCS 00;CS;CS05;M;3/28/14;8:42:31 ;
Lift TCS 00;CS;CS05;M;3/28/14;8:58:42 ;
Lift TCS 00;CS;CS05;M;3/28/14;9:04:25 ;
Lift TCS 00;CS;CS05;M;3/28/14;9:04:27 ;
Lift TCS 00;CS;CS05;M;3/28/14;8:06:04 ;
Lift TCS 00;CS;CS05;M;3/28/14;7:29:51 ;
Lift TCS 00;CS;CS05;M;3/28/14;8:12:09 ;
Lift TCS 00;CS;CS05;M;3/28/14;7:03:41 ;
Lift TCS 00;CS;CS06;M;3/28/14;7:41:55 ;
Lift TCS 00;CS;CS06;M;3/28/14;7:33:39 ;
Lift TCS 00;CS;CS06;M;3/28/14;8:16:26 ;
Lift TCS 00;BP;BP06;M;3/28/14;7:51:02 ;
Lift TCS 00;BP;BP06;M;3/28/14;8:03:15 ;
Lift TCS 00;BP;BP06;M;3/28/14;7:18:45 ;
Lift TCS 00;BS;BS06;M;3/28/14;8:23:54 ;
Lift TCS 00;BS;BS06;M;3/28/14;8:25:34 ;
Lift TCS 00;CP;CP02;M;3/28/14;8:35:20 ;
Lift TCS 00;CP;CP02;M;3/28/14;9:26:35 ;
Lift TCS 00;CP;CP03;M;3/28/14;7:19:33 ;
Lift TCS 00;CP;CP04;M;3/28/14;8:46:57 ;
Lift TCS 00;CP;CP04;M;3/28/14;9:26:57 ;
Lift TCS 00;CP;CP05;M;3/28/14;8:06:41 ;
Lift TCS 00;CP;CP05;M;3/28/14;7:04:53 ;
Lift TCS 00;CP;CP06;M;3/28/14;9:23:16 ;
Lift TCS 00;CS;CS03;M;3/28/14;8:52:36 ;
Lift TCS 00;CS;CS03;M;3/28/14;7:23:55 ;
Lift TCS 00;CS;CS03;M;3/28/14;8:27:16 ;
Lift TCS 00;CS;CS03;M;3/28/14;8:27:19 ;
Lift TCS 00;CS;CS04;M;3/28/14;7:25:11 ;
Lift TCS 00;CS;CS04;M;3/28/14;9:29:55 ;
Lift TCS 00;CS;CS04;M;3/28/14;8:40:34 ;
Lift TCS 00;CS;CS04;M;3/28/14;6:32:50 ;
Lift TCS 00;CS;CS04;M;3/28/14;7:34:58 ;
Lift TCS 00;CS;CS04;M;3/28/14;9:02:34 ;
Lift TCS 00;CS;CS04;M;3/28/14;8:55:09 ;
Lift TCS 00;CS;CS04;M;3/28/14;8:18:12 ;
Lift TCS 00;CS;CS04;M;3/28/14;8:37:13 ;
Lift TCS 00;CS;CS04;M;3/28/14;8:29:04 ;
Lift TCS 00;CS;CS05;M;3/28/14;7:50:07 ;
Lift TCS 00;CS;CS05;M;3/28/14;7:43:28 ;
Lift TCS 00;CS;CS06;M;3/28/14;8:03:55 ;
Lift TCS 00;CS;CS06;M;3/28/14;9:15:36 ;
Lift TCS 00;CS;CS06;M;3/28/14;8:30:15 ;
Lift TCS 00;CS;CS06;M;3/28/14;8:30:16 ;
Lift TCS 00;CS;CS06;M;3/28/14;8:23:08 ;
Lift TCS 00;CS;CS71;M;3/28/14;7:53:42 ;
Lift TCS 00;CS;CS71;M;3/28/14;7:54:11 ;
Lift TCS 00;CS;CS71;M;3/28/14;7:55:18 ;
Lift TDM 00;DM;DM03;V;3/28/14;9:27:13 ;
Lift TDM 00;DM;DM06;V;3/28/14;9:26:30 ;
Lift TDM 00;DM;DM02;V;3/28/14;7:51:27 ;
Lift TDM 00;DM;DM03;V;3/28/14;9:02:15 ;
Lift TDM 00;DM;DM03;V;3/28/14;9:10:51 ;
Lift TDM 00;DM;DM03;V;3/28/14;7:33:14 ;
Lift TDM 00;DM;DM03;V;3/28/14;9:18:26 ;
Lift TDM 00;DM;DM03;V;3/28/14;7:36:49 ;
Lift TDM 00;DM;DM03;V;3/28/14;9:00:12 ;
Lift TDM 00;DM;DM03;V;3/28/14;7:47:34 ;
Lift TDM 00;DM;DM03;V;3/28/14;7:52:01 ;
Lift TDM 00;DM;DM03;V;3/28/14;8:31:11 ;
Lift TDM 00;DM;DM05;V;3/28/14;9:32:30 ;
Lift TDM 00;DM;DM05;V;3/28/14;7:40:47 ;
Lift TDM 00;DM;DM05;V;3/28/14;8:15:05 ;
Lift TDM 00;DM;DM05;V;3/28/14;9:55:39 ;
Lift TDM 00;DM;DM05;V;3/28/14;6:58:42 ;
Lift TDM 00;DM;DM05;V;3/28/14;7:34:03 ;
Lift TDM 00;DM;DM06;V;3/28/14;8:44:46 ;
Lift TDM 00;DM;DM06;V;3/28/14;8:11:14 ;
Lift TDM 00;DM;DM06;V;3/28/14;7:17:17 ;
Lift TDM 00;EP;EP05;V;3/28/14;9:01:00 ;
Lift TDM 00;ES;ES02;V;3/28/14;8:54:30 ;
Lift TDM 00;ES;ES05;V;3/28/14;7:31:17 ;
Lift TDM 00;ES;ES06;V;3/28/14;7:24:41 ;
Lift TDM 00;ES;ES06;V;3/28/14;7:24:44 ;
Lift TDM 00;ES;ES06;V;3/28/14;6:53:46 ;
Lift TDM 00;CS;CS04;V;3/28/14;7:54:31 ;
Lift TDM 00;ES;ES03;V;3/28/14;7:08:33 ;
Lift TDM 00;DM;DM02;M;3/28/14;9:20:53 ;
Lift TDM 00;DM;DM02;M;3/28/14;7:32:17 ;
Lift TDM 00;DM;DM03;M;3/28/14;8:19:46 ;
Lift TDM 00;DM;DM03;M;3/28/14;8:56:21 ;
Lift TDM 00;DM;DM04;M;3/28/14;8:57:30 ;
Lift TDM 00;DM;DM04;M;3/28/14;9:31:38 ;
Lift TDM 00;DM;DM04;M;3/28/14;9:06:00 ;
Lift TDM 00;DM;DM04;M;3/28/14;9:15:08 ;
Lift TDM 00;DM;DM05;M;3/28/14;8:38:11 ;
Lift TDM 00;DM;DM05;M;3/28/14;7:07:50 ;
Lift TDM 00;DM;DM05;M;3/28/14;8:12:42 ;
Lift TDM 00;DM;DM06;M;3/28/14;8:51:00 ;
Lift TDM 00;DM;DM06;M;3/28/14;8:47:46 ;
Lift TDM 00;EP;EP05;M;3/28/14;8:37:23 ;
Lift TDM 00;EP;EP05;M;3/28/14;8:27:18 ;
Lift TDM 00;EP;EP05;M;3/28/14;8:08:02 ;
Lift TDM 00;ES;ES06;M;3/28/14;8:24:04 ;
Lift TDM 00;ES;ES06;M;3/28/14;8:16:55 ;
Lift TDM 00;ES;ES06;M;3/28/14;8:44:01 ;
Lift TDM 00;EP;EP04;M;3/28/14;8:33:09 ;
Lift TDM 00;DM;DM02;M;3/28/14;7:30:20 ;
Lift TDM 00;DM;DM02;M;3/28/14;8:38:59 ;
Lift TDM 00;DM;DM02;M;3/28/14;6:40:10 ;
Lift TDM 00;DM;DM02;M;3/28/14;7:34:57 ;
Lift TDM 00;DM;DM02;M;3/28/14;9:20:05 ;
Lift TDM 00;DM;DM02;M;3/28/14;7:53:03 ;
Lift TDM 00;DM;DM02;M;3/28/14;8:43:24 ;
Lift TDM 00;DM;DM02;M;3/28/14;8:29:36 ;
Lift TDM 00;ES;ES02;M;3/28/14;7:48:28 ;
Lift TDM 00;ES;ES03;M;3/28/14;8:04:02 ;
Lift TDM 00;ES;ES03;M;3/28/14;8:04:08 ;
Lift TDM 00;ES;ES03;M;3/28/14;8:04:10 ;
Lift TDM 00;ES;ES03;M;3/28/14;6:41:26 ;